Wordpair,GoldSimilarity,WW,CC,BB,WC,CW
old-new,1.58,0.425197418046,0.402964759226,0.447957873344,0.287053917295,0.324912180001
smart-intelligent,9.2,0.182455073741,0.175250038505,0.235688656569,0.100074163084,0.0980173274875
hard-difficult,8.77,0.544982249143,0.513894350165,0.500967472849,0.140854207772,0.163317079146
happy-cheerful,9.55,0.115390211344,0.0529722906649,0.149980741737,0.0763210356236,0.0966763794422
hard-easy,0.95,0.320684811987,0.386777066396,0.377741023571,0.131539984758,0.165801698911
fast-rapid,8.75,0.377159960439,0.323379427195,0.384610414505,0.125187084056,0.190808888722
happy-glad,9.17,0.0907120894537,0.173076921931,0.128101803917,-0.0456402917933,0.0649146658284
short-long,1.23,0.687929727086,0.676946739968,0.704160069923,0.429432545338,0.420336306095
stupid-dumb,9.58,0.0933498889208,0.239052295032,0.217346536079,0.0714606546987,0.0573048113519
weird-strange,8.93,0.125351302305,0.174921035767,0.263971954584,0.150612857865,0.185401242101
wide-narrow,1.03,0.458067779771,0.481898992175,0.533059712284,0.259594544196,0.238697290421
bad-awful,8.42,0.0113175949082,0.144243297667,0.060549602145,0.0331760756671,-0.0491595954705
easy-difficult,0.58,0.477868497372,0.505824327469,0.504361361005,0.194593936205,0.167450577021
bad-terrible,7.78,0.186863750219,0.249204114174,0.234471812844,0.0758895501494,0.0432159923654
hard-simple,1.38,0.239189029384,0.273828075756,0.256701887453,0.106019059596,0.13947896832
smart-dumb,0.55,-0.0256001952678,0.194514643819,0.133940144308,0.0937742777198,0.0402451482123
insane-crazy,9.57,0.211126548715,0.239052562601,0.231255235522,0.0295097880679,0.0158394034952
happy-mad,0.95,0.145545810461,0.159027915117,0.144724535313,0.0775524732408,-0.0561121664941
large-huge,9.47,0.563884317875,0.601198053431,0.613892362846,0.289087312763,0.234919264913
hard-tough,8.05,0.262679650624,0.315733548832,0.367770344019,0.158766657114,0.200402119804
new-fresh,6.83,0.0462174927424,0.097780595323,0.102193638682,0.0711727152673,0.0824696817958
sharp-dull,0.6,0.0115075791255,-0.00174292350332,0.0611656268535,0.0676674023271,0.072648373106
quick-rapid,9.7,0.444211367118,0.420573135683,0.445030924382,0.140479592624,0.128413789585
dumb-foolish,6.67,0.155861493246,0.204833370735,0.147021240174,-0.0488168539027,0.0130067540635
strange-odd,9.02,0.261124060221,0.193247407675,0.307819664478,0.155247950867,0.159380555153
happy-angry,1.28,0.264583915472,0.245051950806,0.307934916965,0.135449169821,0.101588629186
narrow-broad,1.18,0.444141119719,0.504646242219,0.53952782875,0.237509607524,0.256138787039
simple-easy,9.4,0.401144230434,0.389641880989,0.432038605213,0.24758982644,0.213538497686
old-fresh,0.87,0.0471837185323,0.0535103189057,0.0592365153134,0.0641389080369,0.00786911509931
apparent-obvious,8.47,0.455301195383,0.482951401648,0.424529229133,0.0396516048701,0.0765567496419
inexpensive-cheap,8.72,0.499206066084,0.48306557738,0.558091521263,0.208836307068,0.250772222923
nice-generous,5,0.106761626899,0.0964069589972,0.115416735411,0.0671698600054,0.0111679667607
weird-normal,0.72,-0.109387915578,-0.0548547874305,-0.145190477371,-0.0952655914268,-0.117123560056
weird-odd,9.2,0.0245722055945,0.095532387495,0.124010309577,0.0803713702713,0.0935724154115
bad-immoral,7.62,0.124253325253,0.0600663945079,0.0733826502194,0.00695710153366,-0.0136744328768
sad-funny,0.95,0.285013871492,0.174248401865,0.294445591834,0.116933517639,0.0980057253245
wonderful-great,8.05,0.16810056079,0.146419197321,0.171376000129,0.069887496531,0.0551979760944
guilty-ashamed,6.38,0.14563024044,0.120792932558,0.191025983752,0.0734156339416,0.104981534183
beautiful-wonderful,6.5,0.291148620316,0.295627271608,0.349696516991,0.134287752765,0.1653815258
confident-sure,8.27,0.244561314259,0.234502806336,0.25237131147,0.0831505184263,0.0107811472285
dumb-dense,7.27,0.0225892244918,0.0957474375662,0.0385685875375,-0.000811304383051,-0.0238304953325
large-big,9.55,0.390225291252,0.383331358433,0.372042953968,0.173814535141,0.173149526119
nice-cruel,0.67,0.0877072811127,0.0911704932058,0.0749233365059,-0.0171114785506,0.0173519421369
big-broad,6.73,0.175574988127,0.223120240755,0.149969130754,0.0177461329249,0.00308488379233
strong-proud,3.17,0.11055468195,0.184130832553,0.152594834566,0.0680339410901,0.0411429058143
unnecessary-necessary,0.63,0.296097517014,0.273899555206,0.279821084727,0.0750842094421,0.112653747201
restless-young,1.6,0.0919393430316,0.059961546515,0.211757212877,0.203736385258,0.182685430806
dumb-intelligent,0.75,0.0861930818924,0.179062734786,0.128646015686,-0.0727682846465,0.0981908573622
bad-great,0.35,0.170226509585,0.173809567236,0.161206687165,0.0484176911414,0.0446258123442
difficult-simple,0.87,0.280491935044,0.287435114384,0.291023395841,0.134126469493,0.160516912372
necessary-important,7.37,0.427439302206,0.425812503792,0.390189021826,0.14660160501,0.116273000836
mad-glad,1.45,0.132081433286,0.125315025374,0.111850631866,-0.0190325114539,-0.00135961387021
honest-guilty,1.18,0.228298038244,0.0314367301762,0.146707841558,0.107638277113,-0.0572665035725
easy-tough,0.52,0.213954714772,0.171137681143,0.168376857832,0.0115302395782,0.0243286393183
easy-flexible,4.1,0.194002345204,0.299373418093,0.279707603524,0.111405618489,0.11989813298
certain-sure,8.42,-0.00201349728741,-0.0168208759278,-0.019063681774,0.0154171371832,-0.0460455045104
essential-necessary,8.97,0.527189847566,0.536537166055,0.531883656979,0.19424616465,0.188029996988
different-normal,1.08,0.320153011047,0.297757452459,0.295614540577,0.159304952067,0.0981898547298
sly-clever,7.25,0.0405448764754,0.0949409213627,0.0909468924435,0.0530631845854,0.0290673675755
crucial-important,8.82,0.337287604809,0.494564353448,0.414722556753,0.084606217993,0.133363314471
harsh-cruel,8.18,0.108067683876,0.170200770521,0.200317874551,0.102109220875,0.10903608799
childish-foolish,5.5,-0.00248860235462,0.0698391422629,0.063637640395,0.0739324600777,0.000368152192095
scarce-rare,9.17,0.197540432215,0.276810258627,0.296206969927,0.142813891172,0.109953798354
friendly-generous,5.9,0.135888382792,0.206119328737,0.196037333968,0.100965932012,0.0420646183193
long-narrow,3.57,0.191882789135,0.20530151788,0.288623179361,0.237813427318,0.211384279214
big-heavy,6.18,0.284418003822,0.276880323887,0.263990239143,0.0865790843964,0.112525633724
bizarre-strange,9.37,0.198148500809,0.272454844263,0.317450076342,0.13916669786,0.155237290888
illegal-immoral,4.28,0.233788179304,0.201133066551,0.308025378467,0.14888078259,0.170021692512
bad-guilty,4.2,0.0977843031287,0.149457526272,0.0914145335555,-0.0142383994535,-0.00605228890228
modern-ancient,0.73,0.474979844687,0.451501995325,0.509290754795,0.41098966664,0.317994196295
new-ancient,0.23,0.0942678712926,0.0971246104985,0.109341181815,0.0972994102418,0.0583574801727
dull-funny,0.55,0.136752724648,0.149400797558,0.222682204566,0.192088998307,0.0297124516219
happy-young,2,0.129659183601,0.136520563183,0.147477605789,0.0784895401013,0.0627917163248
easy-big,1.12,0.0991562530398,0.103113144636,0.0952568536691,0.0336518064141,0.0271416865289
great-awful,1.17,-0.00152436699491,0.0939978435636,0.0241711628186,-0.0400892557257,0.00724919140339
tiny-huge,0.6,0.274225410911,0.246152132979,0.266078664894,0.0724495978683,0.0662968601231
polite-proper,7.63,0.00497547211125,0.14055433217,0.0220013609231,-0.0918552353978,-0.00426013653413
modest-ashamed,2.65,0.0813260227442,-0.0367580599641,-0.0110468840357,-0.0063855614594,-0.0636063441634
exotic-rare,8.05,0.217582909321,0.19301421261,0.245802015567,0.0916203613055,0.109429916373
dumb-clever,1.17,0.167861108694,0.0996055721766,0.129876001507,-0.0336886028237,0.0710302623492
noticeable-obvious,8.48,0.301097506154,0.264499590665,0.274533824595,-0.0287823902051,0.0832609310746
afraid-anxious,5.07,0.222784891725,0.373843781581,0.271567358281,-0.0394150675485,0.0271351244301
formal-proper,8.02,0.27883502841,0.363346443969,0.30240287199,0.117274641991,0.0660976539734
unhappy-mad,5.95,0.0222839460264,0.110278176036,0.0898787262891,0.036317396909,0.0383126325905
sad-terrible,5.4,0.210056645278,0.170811722923,0.265084505081,0.10102467096,0.123330995341
sick-crazy,3.57,0.132242560387,0.140157731194,0.179057121277,0.043542122071,0.104235991836
violent-angry,6.98,0.269750789985,0.22533968238,0.282000469089,0.104077720399,0.125707514626
laden-heavy,5.9,0.134500139028,0.0577823705971,0.111714786198,0.0255451258272,0.0499904818827
dirty-cheap,1.6,0.12399674201,0.0642185730674,0.154934495687,0.128181799867,0.0710175303231
elastic-flexible,7.78,0.161059881918,0.167277599302,0.257547198826,0.138309864603,0.163117642627
hard-dense,5.9,0.284762616782,0.22581451843,0.346308877844,0.214334743361,0.216311214346
recent-new,7.05,0.162922645385,0.144862728699,0.216028405191,0.150545212691,0.185198481989
bold-proud,3.97,0.10749485448,0.136390417814,0.129238210871,0.00639131237664,0.0574003464102
sly-strange,1.97,0.0549465273353,0.0183377675712,0.0760471121101,0.102822589538,0.00578297243464
strange-sly,2.07,0.0549465273353,0.0183377675712,0.0760471121101,0.00578297243464,0.102822589538
dumb-rare,0.48,-0.0347229238185,-0.0395595901942,-0.0649624163002,-0.0764833821078,-0.00481893895977
sly-tough,0.58,0.0150508173152,0.0377922177663,0.0945333224257,0.0963561609387,0.0704229963078
modest-flexible,0.98,0.0835683122277,0.0940398722887,0.0523615597271,0.00256945216097,-0.0506879277527
fresh-wide,0.4,0.0355319375656,0.0356366022311,-0.0140357427299,-0.0907905101776,-0.0180410992777
huge-dumb,0.48,0.0644818020485,-0.118289365565,-0.029712632665,-0.022468288837,0.00795168382217
large-flexible,0.48,0.109045580029,0.0534774363041,0.0940352715212,0.0750400498509,0.0281396508217
dirty-narrow,0.3,0.0712706670165,-0.0457646874049,0.0123888192831,-0.00974725244923,0.0152078242972
wife-husband,2.3,0.635072686379,0.621461391449,0.743490128933,0.397134512663,0.369760833368
book-text,6.35,0.391174280117,0.389299094677,0.403362834654,0.245251521468,0.234744026348
groom-bride,3.17,0.141635479526,0.12838563323,0.443366047345,0.351413598741,0.366414181376
night-day,1.88,0.574223875999,0.601169145177,0.634190304972,0.449757722006,0.436615616083
south-north,2.2,0.948005255938,0.94787722826,0.959459369247,0.591956293103,0.601539254189
plane-airport,3.65,0.218234267024,0.194977328181,0.212294116616,0.107011801422,0.0917565728281
uncle-aunt,5.5,0.279813902367,0.284622226312,0.482894420624,0.327615519024,0.329002300382
horse-mare,8.33,0.0271204637962,0.0192944612354,0.0851849517336,0.0714722318335,0.0869741857679
bottom-top,0.7,0.485473721354,0.47811320685,0.540484602394,0.344055971149,0.370567545823
friend-buddy,8.78,0.0876179754593,0.0961032286286,0.14655649662,0.106022723019,0.0848802599454
student-pupil,9.35,0.206975862384,0.132664040645,0.204245072856,0.103060952011,0.0769415692652
world-globe,6.67,0.167074367477,0.131960489271,0.170755932241,0.104553525693,0.112208901311
leg-arm,2.88,0.381304956597,0.421432852745,0.527852892876,0.231851773637,0.256393239283
plane-jet,8.1,0.139732503279,0.139366924763,0.165239140391,0.0983518718691,0.0584500655532
woman-man,3.33,0.675216019154,0.672492364348,0.698298972744,0.417569369078,0.396596533466
horse-colt,7.07,0.0998563885518,0.122596867383,0.0859528826531,-0.0135973821117,0.000645542148328
actress-actor,7.12,0.692235689893,0.680093746191,0.706656803288,0.289129602261,0.312372583888
teacher-instructor,9.25,0.364773503826,0.300069451332,0.36845870394,0.139563553903,0.154113680124
movie-film,8.87,0.797582710077,0.786514639854,0.823525309563,0.435077100992,0.472792092229
bird-hawk,7.85,0.0801005735993,0.0766393765807,0.115590937436,0.0697260499001,0.0519421100616
word-dictionary,3.68,0.127345733484,0.112078918466,0.215847341171,0.189510312051,0.183302916086
money-salary,7.88,0.145144886068,0.113757686167,0.130849465728,0.0287388750917,0.0612225943836
dog-cat,1.75,0.457742696078,0.361079454422,0.552571031604,0.297732377323,0.303522706032
area-region,9.47,0.690294027328,0.682540796106,0.701078772545,0.42556240711,0.412062848333
navy-army,6.43,0.506898760796,0.484253049835,0.536977561532,0.318784794952,0.276208059562
book-literature,7.53,0.410646051168,0.355608791113,0.413791418076,0.266080260277,0.255204111338
clothes-closet,3.27,0.0940238200454,0.0567759095996,0.104711616968,0.0261895355546,0.0608168394377
sunset-sunrise,2.47,0.298846679857,0.304298419017,0.532590564181,0.345406582678,0.331396033251
child-adult,2.98,0.304568118402,0.317405280603,0.395405645274,0.260273636612,0.259136156881
cow-cattle,9.52,0.191245257854,0.221077144146,0.255716562271,0.0989832431078,0.130240350962
book-story,5.63,0.567017138004,0.578379034996,0.611461020199,0.403943479061,0.371892511845
winter-summer,2.38,0.680624365807,0.734144210815,0.760698602241,0.516880631447,0.50228202343
taxi-cab,9.2,0.0757186308931,0.195455363935,0.242479085922,0.144630819559,0.151023170291
tree-maple,5.53,0.0473769959661,-0.0497943721712,0.0576587207615,0.0839074503073,0.0633286982775
bed-bedroom,3.4,0.186859831214,0.177031159401,0.223420810511,0.0675071403384,0.103782847524
roof-ceiling,7.58,0.224888834371,0.269823849201,0.294140505441,0.103406354785,0.0842413876365
disease-infection,7.15,0.482520102413,0.403355920515,0.497563958168,0.202088624239,0.227926594368
arm-shoulder,4.85,0.275455997911,0.284944504499,0.420932093748,0.225613726712,0.197278946638
sheep-lamb,8.42,-0.0686885755473,0.144863852552,0.160797397995,0.15271612422,0.18429769184
lady-gentleman,3.42,0.20447692275,0.162240345745,0.255130767822,0.113457939831,0.139075809066
boat-anchor,2.25,0.0191636789097,0.112102881074,0.132388203455,0.114042991216,0.0859291851521
priest-monk,6.28,0.340230792761,0.380343838889,0.462725520134,0.193122759461,0.184218474124
toe-finger,4.68,0.0802576068197,0.138962477446,0.204353740292,0.130902841687,0.137603633857
river-stream,7.3,0.333650648594,0.321812389221,0.399236732676,0.216545162591,0.233958525534
anger-fury,8.73,0.192864906363,0.152786836028,0.225209462618,0.102825223078,0.0784542933106
date-calendar,4.42,0.166242539883,0.157323245087,0.248481169343,0.22160567174,0.171952615497
sea-ocean,8.27,0.444460448293,0.469897542012,0.549212938453,0.35531493159,0.307426296779
second-minute,4.62,0.133110532125,0.148960798979,0.211750475273,0.176901674497,0.157205427122
hand-thumb,3.88,0.195112220036,0.174899792659,0.272422972014,0.187880869978,0.166081806059
wood-log,7.3,0.0661570350937,0.0669129118323,0.114014542938,0.0661964784626,0.105991281569
mud-dirt,7.32,0.218584656715,0.276401413894,0.360578745604,0.188229128718,0.194699514228
way-manner,7.62,0.388979130326,0.405254203707,0.397859185934,0.163290868002,0.173984965561
mouse-cat,1.12,0.213469241444,0.273019731045,0.396284324374,0.267583129694,0.26496592164
cop-sheriff,9.05,0.150232949867,0.121710188491,0.161618853308,0.0954677462578,0.0150790269767
death-burial,4.93,0.131514929623,0.11621542275,0.202210483087,0.161534115672,0.174747581765
music-melody,6.98,0.145469292998,0.127534710022,0.173343488771,0.105586929952,0.131218641996
beer-alcohol,7.5,0.345392039144,0.230195703483,0.382255941629,0.196270570159,0.210461395355
mouth-lip,7.1,0.0686272092017,0.0847189224436,0.133938871857,0.093269534409,0.0867082373252
storm-hurricane,6.38,0.223580703139,0.243726133552,0.305442947474,0.139244385913,0.15660747329
tax-income,2.38,0.25494767755,0.313494265079,0.392122805119,0.252929747105,0.244460209874
flower-violet,6.95,0.0450796671212,0.0209013813526,0.0311939381063,-0.00411351863295,0.0137291689205
paper-cardboard,5.38,0.054087921977,0.0358066133145,0.166591728723,0.147678309541,0.182006672025
floor-ceiling,1.73,0.158748499453,0.200707981075,0.348124375828,0.249854877608,0.229242518544
rod-curtain,3.03,0.129054479543,0.0780903995037,0.106846920064,0.0156019851552,0.0238806456327
hound-fox,2.38,-0.0251721143723,0.0462788818049,0.10991358012,0.135499715805,0.120381451868
street-alley,5.48,0.0906258299947,0.0707865325085,0.161588653922,0.14350459835,0.120633654296
boat-deck,4.28,0.174461239641,0.149856522679,0.209344953299,0.0808006875753,0.128109171987
car-horn,2.57,0.00713845854625,0.0286093371278,0.0157666215758,-0.00809532124549,0.013884005033
friend-guest,4.25,0.181397810578,0.150002256036,0.219489768147,0.123410888016,0.123792283237
employer-employee,3.65,0.235351262731,0.254953876433,0.454128262647,0.318263758317,0.275253507525
hand-wrist,3.97,0.140493273735,0.125726722224,0.245877056822,0.169811919332,0.209616137124
ball-cannon,2.58,0.190041449072,0.191182769396,0.191637650132,0.0743827700983,0.0515628531575
alcohol-brandy,6.98,0.0242493409216,0.0943602770567,0.134356811643,0.105319096465,0.0939049869776
victory-triumph,8.98,0.291926580186,0.262927875693,0.319187443305,0.155865007989,0.150350683948
telephone-booth,3.63,-0.0557971149683,-0.122395001662,-0.0424442850053,0.0592819716892,0.012724400498
door-doorway,5.4,0.0333378759518,0.0763061895188,0.10257058113,0.0862258099779,0.0510908006321
motel-inn,8.17,0.157428393211,0.162720948458,0.252857834101,0.138032995941,0.147362351418
clothes-cloth,5.47,0.17893103408,0.170073007341,0.2145067389,0.0977206942702,0.102849857339
nail-thumb,3.55,0.0146099646854,0.062292680132,0.0621774569346,0.0451494258731,0.0247689381517
band-orchestra,7.08,0.332937459104,0.315472267214,0.353127002716,0.207400548017,0.189666267614
book-bible,5,0.374737352133,0.314048558474,0.420892179012,0.277977973223,0.263336747885
business-industry,7.02,0.484497668207,0.516122133501,0.522625954308,0.311604760694,0.316464770822
winter-season,6.27,0.344151973724,0.32219478488,0.359703234416,0.219073355198,0.23039573431
decade-century,3.48,0.618287966455,0.609062386639,0.648772341159,0.185081537669,0.157758166924
alcohol-gin,8.65,-0.0377862088723,-0.0100292085129,0.018030659439,0.0861749528259,0.00767696089235
hat-coat,2.67,0.187364317461,0.0591481773048,0.201866826749,0.123608305884,0.121075354283
window-door,3.33,0.381317808471,0.357267443593,0.454396754503,0.228865506784,0.226097693778
arm-wrist,3.57,0.24954633412,0.116981811821,0.328088332897,0.192865249089,0.216980978847
house-apartment,5.8,0.217040792108,0.182578101754,0.245908841735,0.146211192012,0.167722597718
glass-crystal,6.27,0.207591161132,0.199432379075,0.266234338284,0.153142914176,0.144976956251
wine-brandy,5.15,0.0839627310634,0.130330771208,0.227792410719,0.164852023125,0.157808795571
creator-maker,9.62,0.131943874475,0.0942684989732,0.145280042009,0.0803301951683,0.0332185849547
dinner-breakfast,3.33,0.302127301693,0.298634588718,0.392670750618,0.184841752052,0.192603006959
arm-muscle,3.72,0.045635768996,0.124207273126,0.102458432317,0.0202331238379,0.0551533322128
bread-flour,3.33,0.272223711014,0.301341074785,0.375932425038,0.172849605849,0.176805526018
death-tragedy,5.8,0.0912170524934,0.122181780468,0.14888432622,0.0837299799162,0.12342058886
absence-presence,0.4,0.362658993881,0.374687075615,0.446542170438,0.223753142506,0.224022507668
gun-cannon,5.68,0.425529450178,0.372682437577,0.476842849066,0.239563794188,0.238329231739
grass-blade,4.57,0.0769605413079,0.164581745863,0.232989177108,0.175957918167,0.150628000498
ball-basket,1.67,0.100775851356,0.143950581551,0.219815133203,0.141018533171,0.16944488883
hose-garden,1.67,-0.0763347136381,-0.0438163790891,-0.093685477972,-0.0741567059849,-0.029563562643
boy-kid,7.5,0.320969849825,0.271017074585,0.291915558323,0.0339661724865,0.125245943666
church-choir,2.95,0.159039974213,0.12069751271,0.204699212873,0.132465564159,0.165850902548
tower-bell,1.9,0.191741473467,0.168612971902,0.220856979489,0.0903457552195,0.12166187207
father-parent,7.07,0.128866761462,0.163595855236,0.163164517125,0.0657023783681,0.107322447002
school-grade,4.42,0.278465476219,0.293800907958,0.397068351507,0.299609869719,0.287948889259
parent-adult,5.37,0.206871581487,0.170350800178,0.240290971925,0.137739502653,0.127164550255
bar-jail,1.9,-0.00108496921085,0.0290388184213,0.0229499922425,0.0800574198365,-0.0467897001552
car-highway,3.4,0.133675091486,0.171155696649,0.148880541325,0.0300203169894,0.089585754524
dictionary-definition,6.25,0.0870547615257,0.148323768277,0.134784199881,0.0743395804965,0.0500777110411
door-cellar,1.97,0.00641462270071,0.0414930743579,0.0515194423497,0.0256652891239,0.0502620912776
army-legion,5.95,0.117188564967,0.153469037596,0.175066779558,0.0946100652218,0.1095158616
metal-aluminum,7.25,0.308835744858,0.266846911123,0.336845040321,0.170487935572,0.196118459105
chair-bench,6.67,0.0329010896385,0.123060330749,0.0932176839243,0.0426504425704,0.0323709473014
cloud-fog,6,0.212777540088,0.194355704708,0.290848409039,0.150480622082,0.136860363892
boy-son,6.75,0.311785876751,0.316905845219,0.361515773715,0.223973585604,0.219916835427
water-ice,6.47,0.441135134765,0.392418056726,0.499063134138,0.297675788403,0.337355902037
bed-blanket,3.02,0.128732100129,0.136731103063,0.176256214007,0.064585365355,0.0973448678851
attorney-lawyer,9.35,0.586657106876,0.56582925116,0.602596080458,0.18751071021,0.198864042759
area-zone,8.33,0.296893537045,0.255308882351,0.325215518475,0.18391760396,0.179368044696
business-company,9.02,0.504050075525,0.503723651393,0.537748781577,0.357537763412,0.359608194805
clothes-fabric,5.87,0.0836454307226,0.0879996388555,0.149930855636,0.0762630970039,0.114027836737
money-capital,6.67,0.306668799718,0.263140231371,0.304443210363,0.173991824626,0.158924650082
hand-foot,4.17,0.3090711236,0.326685030859,0.344248851791,0.156835347414,0.175545792314
alcohol-cocktail,6.73,-0.00267663939978,0.106267884374,0.09772343771,0.0521575169061,0.0752356722951
yard-inch,3.78,0.142659693956,0.198788788842,0.233478038518,0.134762250469,0.0928638875484
molecule-atom,6.45,0.412190144528,0.425013244152,0.59029505195,0.326735098763,0.321212521647
lens-camera,4.28,0.368459246663,0.37789914012,0.454638004303,0.237516104431,0.255274415016
meal-dinner,7.15,0.311807788826,0.259958326817,0.386119567521,0.161631171302,0.168698653579
eye-tear,3.55,0.0553338006139,0.0712783560157,0.131877406612,0.107561595738,0.0892135426402
god-devil,1.8,0.177492450326,0.218280021157,0.228116201983,0.127573557045,0.13890838623
loop-belt,3.1,0.187561959028,0.0428114856965,0.0942260026932,0.0285190379482,-0.0193724092096
rat-mouse,7.78,0.161174903968,0.248496964753,0.328801315117,0.169526278973,0.206379647522
motor-engine,8.65,0.18804179132,0.274944484234,0.277479112148,0.126087471843,0.149058446288
car-cab,7.42,0.135671042542,0.127913586969,0.211184799671,0.149341538548,0.154413092662
cat-lion,6.75,0.313749164343,0.239857330918,0.284683461823,0.059817135334,0.062222417444
size-magnitude,6.33,0.222272766964,0.207176059484,0.231071335801,0.112834527363,0.104827873409
reality-fantasy,1.03,0.185554932687,0.173127412796,0.247100129724,0.147275298834,0.146434211518
door-gate,5.25,0.345579016736,0.288822224421,0.341294646263,0.117360258434,0.156525369701
cat-pet,5.95,0.203192910171,0.136939280447,0.263871582016,0.175355474672,0.155133482202
tin-aluminum,6.42,0.255258440971,0.320730764909,0.313099712133,0.109519100757,0.109024457633
bone-jaw,4.17,0.161036259285,0.114733970432,0.204340577126,0.0879828877459,0.0976883934326
cereal-wheat,3.75,0.0686547946128,0.214049354196,0.250684633892,0.135296016932,0.179872300021
house-key,1.9,0.0889890843027,0.119098499417,0.118806659806,0.0902424156666,0.0656076187258
blood-flesh,4.28,0.160365263245,0.239390611016,0.368131003864,0.262262822659,0.253480374813
door-corridor,3.73,0.110376916826,0.155280288424,0.133557081223,0.0381996735096,0.0477594211698
god-spirit,7.3,0.411920835009,0.403425365686,0.486775757459,0.32823186089,0.342869510822
capability-competence,7.62,0.132864162326,0.0973271694573,0.110133545383,0.00468251202255,0.0294306220181
abundance-plenty,8.97,0.182047337294,0.106878772378,0.154950373185,0.0828793048859,0.0115312440321
wall-brick,4.68,0.226315459295,0.225690469146,0.275521486998,0.142535462976,0.165301909375
horn-drum,2.68,0.18425511922,0.166580826044,0.191755216822,0.0874576494098,0.0514095791524
organ-liver,6.15,0.103319905698,0.0924195721745,0.13047793377,0.0770038962364,0.0637480765581
strength-might,7.07,0.0827856114166,0.110658729296,0.125139780351,0.111309606121,0.0451728999615
phrase-word,5.48,0.574534118176,0.598900699681,0.627990961075,0.333709736688,0.38043792481
band-parade,3.92,0.0247410997594,0.0445324070752,0.0325872935355,0.0173970135985,0.00731424521655
stomach-waist,5.9,0.0983141468985,0.0876185417034,0.122474051711,0.0541647645337,0.0372997328878
cloud-storm,5.6,0.0695379450917,0.122741386025,0.0952409470369,0.0154734756707,0.0348912423784
joy-pride,5,0.0581359562657,0.287825345993,0.327240875096,0.228623494506,0.208274019258
rain-mist,5.97,0.169106170535,0.134251124605,0.24196241796,0.151325520715,0.146071338419
beer-beverage,5.42,0.142866907374,0.227590367198,0.235079780221,0.0957872385725,0.112177777367
man-uncle,3.92,0.191371035062,0.199543410485,0.188849017024,0.0773962083335,0.082537916752
apple-juice,2.88,0.0524756647646,0.10531377675,0.0361764713333,-0.0289121568203,-0.040334227105
intelligence-logic,6.5,0.123073861003,0.112578830873,0.0450576990843,-0.0404093489051,-0.0742857873014
communication-language,7.47,0.248804956603,0.262599913764,0.333839088678,0.253059044663,0.262169776896
mob-crowd,7.85,0.192212313414,0.167555371814,0.200982895552,0.0958183517077,0.0328949578106
shore-coast,8.83,0.318306573428,0.356851488352,0.392780005932,0.13555086467,0.176419939185
wire-cord,7.62,0.00712949499142,0.0953359362683,0.148791742469,0.128963046012,0.123706541878
bird-turkey,6.58,0.178884267807,0.0533741265535,0.0752495721131,0.00453478423879,-0.0238830763847
competence-ability,7.5,0.168892472982,0.13776434958,0.216453302925,0.125055491924,0.124515920877
supper-meal,7.53,0.00111543144358,0.121061198179,0.102284959095,0.044498000294,0.0547441714545
bar-cage,2.8,0.00889268238097,0.0536178941201,0.00776444516359,-0.0746918842196,0.0322284009891
water-salt,1.3,0.344206947779,0.275764763355,0.39700254184,0.266586333513,0.246073991528
sense-intuition,7.68,0.0890381059624,0.111036262574,0.166394501925,0.141728995236,0.094493117272
situation-condition,6.58,0.456481844187,0.436058521271,0.393428080882,0.0921962633729,0.0575176030397
crime-theft,7.53,0.236929684098,0.161089107394,0.26492202282,0.138386175036,0.156432131316
style-fashion,8.5,0.325152158737,0.381321787834,0.417288864689,0.290418863297,0.249345138669
boundary-border,9.08,0.419077038765,0.421573271939,0.459147845608,0.18949862954,0.165858263723
arm-body,4.05,0.351399174416,0.309751987457,0.341077824895,0.159248003915,0.118489995599
boat-car,2.37,0.373491123499,0.43496614307,0.391693413258,0.129836283336,0.158911883831
sandwich-lunch,6.3,0.0791889111174,0.017762688116,0.0472642919281,0.0100098118564,0.00141261990106
bride-princess,2.8,0.193639420705,0.10695335269,0.151865282766,0.0109167841251,0.0501801550496
heroine-hero,8.78,0.269523891154,0.229009223462,0.43484044075,0.26961355262,0.282497452646
car-gauge,1.13,0.0248262226478,0.0860048062208,0.0598157307396,0.0299716964364,0.0185637719707
insect-bee,6.07,0.159750327468,0.0466168131987,0.171251157373,0.0980581790209,0.103662098508
animal-person,3.05,0.299667823295,0.260996638418,0.299161541412,0.155248692319,0.147536545992
marijuana-herb,6.5,0.118092924356,0.183870102994,0.1753366038,0.0856953835902,0.0177153777331
bed-hospital,0.92,0.220746979117,0.221957892179,0.310847587686,0.176452130079,0.222774922848
cheek-tongue,4.52,0.122291758334,0.123637862504,0.476178228855,0.439807560432,0.409593785381
disc-computer,3.2,0.140792474151,0.193618383623,0.142678993068,0.0334154797146,0.0410538502038
curve-angle,3.33,0.275430616685,0.187128003664,0.266889123095,0.104301237804,0.0901459604502
grass-moss,5,0.252441480901,0.220141500235,0.328540017779,0.141320168972,0.150339150449
school-law,1.13,0.302793997693,0.318834413221,0.336186379194,0.246076449752,0.234211144949
foot-head,2.3,0.255011841954,0.210961048488,0.288021236658,0.170673707643,0.21039943161
mother-guardian,6.5,0.169324452362,0.0886512249708,0.139612495899,0.0186812389724,0.0991730615497
alcohol-whiskey,7.27,0.140557712879,0.102360650897,0.154560625553,0.0800860050372,0.068328432044
mouth-tooth,6.3,0.130460963304,0.0716133522026,0.170720214162,0.110034589774,0.107152434331
breakfast-bacon,4.37,0.0785862281919,0.0558268614113,0.121397688985,0.0756675377488,0.0837359055877
bathroom-bedroom,3.4,0.16894286871,0.0840564321347,0.243923440213,0.142007052898,0.14768186482
plate-bowl,5.23,0.0480546916854,0.0911556705832,0.0961451026115,0.0418064321164,0.0668999970376
meat-bacon,5.8,0.0478376104139,0.0780257284641,0.120825730015,0.0959773791419,0.0754490047693
air-helium,3.63,0.0907335856994,0.130179807544,0.137387706353,0.0751756131649,0.0787737714513
worker-employer,5.37,0.22064563632,0.140991061926,0.301505345196,0.165516793728,0.178831413388
body-chest,4.45,0.109997204542,0.134956628084,0.159758765669,0.115548148751,0.0841556912157
son-father,3.82,0.776647177142,0.783114122338,0.81009122013,0.501732289791,0.542808142733
heart-surgery,1.08,0.14148462662,0.0990923435037,0.128468215466,0.0531543258613,0.0451749174088
woman-secretary,1.98,0.13209523176,0.182849575111,0.147573622772,0.0593965647755,0.0535456373285
man-father,4.83,0.465152297598,0.429787367582,0.468945894367,0.310146123171,0.305987828256
beach-island,5.6,0.335431873798,0.363076881996,0.409238780096,0.212384571149,0.252202183008
story-topic,5,0.0856143757701,0.0483238212764,0.0567785308395,-0.0251067578793,0.0523519031703
game-fun,3.42,0.103200912476,0.141226353195,0.190213434722,0.146513568939,0.145812451839
weekend-week,4,0.390425635526,0.432506918907,0.457075980727,0.199639058156,0.182686090469
couple-pair,8.33,0.312255341545,0.337215255167,0.279203418398,0.0582881564841,0.0470613604523
woman-wife,5.72,0.49792689085,0.486569942645,0.528331374228,0.285764485598,0.280100759256
sheep-cattle,4.77,0.427025616169,0.465976566076,0.602605986284,0.349233746529,0.34502312541
purse-bag,8.33,-0.0374787956464,0.0905851444253,0.0205999153495,-0.0312505643814,0.0219269966738
ceiling-cathedral,2.42,0.0635563208394,0.192988034665,0.118314758342,-0.011978647889,0.0496575757861
bean-coffee,5.15,0.0182186551392,-0.00335858715698,0.0299960560349,0.036909610033,0.0220174267888
wood-paper,2.88,0.314137272342,0.308978170156,0.334451635745,0.217597503352,0.167819783092
top-side,1.9,0.344952642918,0.357387065887,0.397625309512,0.27796292305,0.30181568861
crime-fraud,5.65,0.20977046846,0.184191711641,0.271274761634,0.196914857994,0.147536510082
pain-harm,5.38,0.239903063786,0.203034797673,0.236564590726,0.0726443603635,0.0882669836283
lover-companion,5.97,0.286750882864,0.250900477171,0.303627252579,0.108647532761,0.122537754476
evening-dusk,7.78,0.101286634803,0.140807894968,0.127465769942,0.060591217358,0.00497152237222
father-daughter,2.62,0.508302687609,0.491800873983,0.557738900185,0.393541610626,0.382438093424
wine-liquor,7.85,0.0975747406483,0.191093027592,0.235488086074,0.134750708938,0.160093709826
cow-goat,2.93,0.364828944206,0.346231987848,0.467532038689,0.211876881831,0.187334120274
belief-opinion,7.7,0.359816036213,0.449739277363,0.438153054604,0.116687014203,0.148630529642
reality-illusion,1.42,0.116080068052,0.127255529165,0.231050997972,0.149144992232,0.165985286236
pact-agreement,9.02,0.145993322134,0.1967992697,0.238857344457,0.120196886933,0.124994911253
wealth-poverty,1.27,0.182002618909,0.223246392399,0.268014373543,0.158827215433,0.147391351746
accident-emergency,4.93,0.174086928368,0.0216554813087,0.193363886676,0.157759532332,0.132666170597
battle-conquest,7.22,0.131881923304,0.195736360296,0.162959774556,0.068520259471,0.0508125261441
friend-teacher,2.62,0.389689379316,0.379681557417,0.432332456112,0.256467670202,0.242445110824
illness-infection,6.9,0.222080977435,0.261666909556,0.280727893114,0.107902752411,0.108810802854
game-trick,2.32,0.114638902247,0.0949229896069,0.102762489185,0.0451996549964,0.0195356346667
brother-son,3.48,0.777506351471,0.7939424988,0.822727739811,0.483321516712,0.479801028967
aunt-nephew,3.1,0.191338717937,0.256459058101,0.279804348946,0.115095286381,0.120472162962
worker-mechanic,4.92,0.199563339353,0.00507732387632,0.100420732846,0.0362528190017,-0.0102430107072
oak-maple,6.03,0.0969447791576,0.149227225734,0.238787010312,0.165555939078,0.152528697403
bee-queen,3.27,0.0476788468659,0.0251761544496,0.0441255665868,0.0172829777002,0.0262743216008
car-bicycle,3.47,0.277988599419,0.254030034186,0.321062862873,0.169585719705,0.144461097653
goal-quest,5.83,0.135025598706,0.0763659059187,0.0819078981876,0.00161312621225,-0.0100940202437
august-month,5.53,0.462862198012,0.443842738867,0.533005833626,0.357539134319,0.353153854609
army-squad,5.08,0.120480417936,0.0729999666214,0.118963352976,0.0688923440704,0.063906427389
cloud-weather,4.87,0.0417077802122,0.0619721188512,0.0977431892004,0.107342033526,0.0461660949091
physician-doctor,8.88,0.442593700577,0.427315081794,0.470169873824,0.18136999011,0.192141566149
canyon-valley,6.75,0.132383465767,0.303332269192,0.30545720458,0.168837055564,0.15913066268
river-valley,1.67,0.484481424093,0.53802866197,0.590676724911,0.317042559385,0.329843143206
sun-sky,2.27,0.414803137826,0.478805780411,0.516854138187,0.318293801749,0.315416685889
target-arrow,3.25,0.163788030373,0.0979784040438,0.13640526073,0.0322921761623,0.0758202150464
chocolate-pie,2.27,0.0735134530631,0.219378978014,0.1534370929,0.0498499252081,-0.0196579857578
circumstance-situation,7.85,0.0959479734302,0.0736236484499,0.0763252004981,-0.0262867100537,0.0440331011673
opinion-choice,5.43,0.227419822062,0.234500274062,0.200444456961,-0.000819551292807,0.0379949569997
rhythm-melody,6.12,0.233948080775,0.306261486561,0.39553660777,0.23652492303,0.232992901384
gut-nerve,4.93,-0.00929098483175,0.0378899276257,0.0132510702162,0.0119221625161,-0.0101673153216
day-dawn,5.47,0.136293157935,0.139149167487,0.195608192159,0.127139434218,0.170725713415
cattle-beef,7.03,0.160074979067,0.16355359039,0.273965063568,0.209322420318,0.197304919362
doctor-professor,4.65,0.368323222599,0.379474580288,0.409131789752,0.195600307512,0.216173797846
arm-vein,3.65,-0.0362401104713,0.0827866122127,0.068308159709,0.0495389766716,0.0589409433305
room-bath,3.33,0.170240695491,0.144742041826,0.17866035231,0.0777503997087,0.065487113028
corporation-business,9.02,0.203319068952,0.271591411328,0.336839666178,0.254577263917,0.284190173842
fun-football,1.97,0.160829061915,0.120511151315,0.122430585018,0.0254066623747,0.0265767100293
hill-cliff,4.28,0.145251572132,0.20712665958,0.182438910007,0.069689136427,0.0437590517104
bone-ankle,3.82,0.101396010733,0.0399358919301,0.0967011973262,-0.0292744343223,0.118350087804
apple-candy,2.08,0.113208383322,0.0852747386858,0.106157928705,-0.00846068561077,0.0718455655483
helper-maid,5.58,0.108549714088,0.137128263712,0.236567480751,0.167322456837,0.139587506652
leader-manager,7.27,0.320935387667,0.270686537027,0.273264017908,0.0709743276238,0.0949904304737
lemon-tea,1.6,-0.0251990206421,0.0735700502992,0.0481151247781,0.0351631301447,0.031481714933
bee-ant,2.78,0.0570583641529,0.143668302516,0.26529139098,0.194710296077,0.212622910738
basketball-baseball,4.92,0.462541756781,0.528517782688,0.603819191456,0.316440601137,0.314217507839
rice-bean,2.72,0.06935733475,0.112067611567,0.0737910717726,-0.0248761762081,0.0314385033919
bed-furniture,6.08,0.122970402241,0.0656171217561,0.125218905522,0.0579385347664,0.0869846865535
emotion-passion,7.72,0.211562290788,0.123174779008,0.250936970171,0.147130101919,0.120809174824
anarchy-chaos,7.93,0.19212695156,0.264595405137,0.298458009958,0.126033663626,0.131717272503
crime-violation,7.12,0.196207135916,0.156845226884,0.206791162491,0.0784871727228,0.0894959419966
machine-engine,5.58,0.327751517296,0.295706629753,0.314834833145,0.120815739036,0.12321472913
beach-sea,4.68,0.307146567532,0.365978584769,0.370994850516,0.186547465736,0.20031711163
alley-bowl,1.53,0.0774461914503,0.0801563757751,0.115752616137,0.0649071708322,0.055868076442
jar-bottle,7.83,0.137317670903,0.233903930551,0.203354090452,0.05078842258,0.0516347966114
strength-capability,5.28,0.245731160554,0.265688987456,0.257932901382,0.0929071307182,0.0893652364612
seed-mustard,3.48,0.0204614326358,0.0403188280761,0.0223408743184,0.000228424964007,-0.008170703426
guitar-drum,3.78,0.327802618015,0.284379333258,0.354289293289,0.164784803987,0.22089183157
opinion-idea,5.7,0.230978339911,0.267568783019,0.243235244541,0.055300104934,0.0650690719485
north-west,3.63,0.875181317329,0.878070645217,0.900367975235,0.568766031788,0.567670464516
diet-salad,2.98,-0.0497453585267,-0.0169320888817,-0.0105767041875,-0.0144667765126,0.0560854449868
mother-wife,3.02,0.603441762514,0.601116359234,0.641561107822,0.358777629283,0.348873406649
dad-mother,3.55,0.0348173338393,0.0428122393787,0.0500390268862,0.0115487789735,0.0459681582787
captain-sailor,5,0.179765068917,0.262687937181,0.254684254806,0.103780536579,0.1147753683
meter-yard,5.6,0.158133905156,0.137371733785,0.221177678845,0.143593309093,0.0877546072006
beer-champagne,4.45,0.131391092373,0.237600551534,0.240515291691,0.0934470966458,0.12646560336
motor-boat,2.57,0.165731112274,0.226187482476,0.222113519907,0.0870613753796,0.108111726271
card-bridge,1.97,0.192231327295,0.139725400242,0.163565278053,0.0473255291581,0.07397618753
science-psychology,4.92,0.392403645229,0.408650428057,0.459722101688,0.284211452697,0.322467774153
destruction-construction,0.98,0.21854739641,0.252280816572,0.219916284084,0.0626867748686,0.10176950225
crowd-bunch,7.42,0.0501932799816,-0.0607873987764,-0.0191280704217,-0.000742738861525,-0.0343073342076
beach-reef,3.77,0.105030938983,0.124421589077,0.172099934,0.103910855949,0.0822365581989
man-child,4.13,0.370653681198,0.376526788059,0.405317705236,0.207366953178,0.274198161018
bread-cheese,1.95,0.371211126898,0.289412587881,0.422823488712,0.225449845195,0.206899052036
champion-winner,8.73,0.43509193868,0.421766936779,0.467584550381,0.181611176229,0.142673268914
celebration-ceremony,7.72,0.380191766035,0.341979017376,0.41240941434,0.16733170553,0.193212103439
menu-order,3.62,-0.0990148112178,-0.0362096205354,-0.0820143546454,-0.0547508969903,-0.0303032957017
king-princess,3.27,0.237356422824,0.244258642881,0.285759955645,0.149457403985,0.172937576596
wealth-prestige,6.07,0.180732473731,0.175825999825,0.297741293907,0.218055887106,0.188835658292
endurance-strength,6.58,0.0586444218583,0.0849602943635,0.208007690788,0.195066198707,0.213295193714
danger-threat,8.78,0.450927823782,0.49939543016,0.486787289381,0.138667984168,0.137154757977
god-priest,4.5,0.237573457522,0.233112365007,0.252942233927,0.134685822409,0.126912847389
men-fraternity,3.13,-0.0663245061829,-0.0718914685781,-0.0157798398286,0.0564808730174,0.0406454117981
buddy-companion,8.65,0.121268436758,0.0290786083788,0.102571800351,0.0809308939062,0.00858815666288
teacher-helper,4.28,-0.0269443073538,0.0179824959487,0.0141766666503,0.0401179665397,0.00511158397421
body-stomach,3.93,0.0897345584947,0.130736395033,0.158297805482,0.108832912584,0.100907082748
tongue-throat,3.1,0.236026777984,0.257111936808,0.344865977764,0.184480856924,0.1627497226
house-carpet,1.38,-0.0545278005302,-0.0261183548719,-0.0700802397776,-0.041635632515,-0.0694811567664
intelligence-skill,5.35,0.203774482012,0.228576882397,0.230025081636,0.105291478336,0.0876083798771
journey-conquest,4.72,0.206956277127,0.180503591895,0.204264727489,0.0405453951982,0.0691442083802
god-prey,1.23,0.0362689665716,0.0920948143062,0.00908652119052,-0.0216217104044,-0.0800948217511
brother-soul,0.97,0.174664358775,0.164942890406,0.119067788124,0.00844115577638,0.0102545457485
adversary-opponent,9.05,0.192688241601,0.251444205728,0.270497709513,0.0767675236921,0.114751912653
death-catastrophe,4.13,-0.0212031584233,-0.028503461137,-0.0549136325717,-0.0409722912643,-0.054236125201
monster-demon,6.95,0.155752727732,0.242783516645,0.248276024851,0.0990125521429,0.0844960957766
day-morning,4.87,0.39623183012,0.379944220775,0.460217624903,0.292055028203,0.31471725194
man-victor,1.9,-0.0138031400431,0.0371906124055,-0.000937273493037,-0.00219224300236,-0.0237663248946
friend-guy,3.88,0.233198389411,0.203074127436,0.257389396429,0.147995471954,0.143021732569
song-story,3.97,0.372696183485,0.389284938574,0.365596882438,0.184071566705,0.199280619621
ray-sunshine,6.83,-0.0426537345441,0.00417839434689,0.0330351312777,0.0463924743235,0.073249676615
guy-stud,5.83,0.000730560102966,0.0394759089932,0.0458022226927,-0.00864562816296,0.0794568732381
chicken-rice,1.43,0.173996725798,0.154171055307,0.224509406148,0.142066312782,0.147407671964
box-elevator,1.32,0.138959743915,0.0597640800757,0.103027523874,0.0656504929066,-0.0146968868183
butter-potato,1.22,0.117464602443,0.156236603856,0.193644675991,0.151914325128,0.0230876053475
apartment-furniture,1.28,0.0585114657879,0.0714439228177,0.0722223210666,0.0418947972357,0.0157917924225
lake-swamp,4.92,0.196725573941,0.157520631404,0.244939818375,0.143910520906,0.160182008754
salad-vinegar,1.13,0.0900730937719,0.0807081460953,0.100190761663,0.0340808592737,0.0151758100837
flower-bulb,4.48,0.0559516966699,0.0984440504577,0.0670324305911,0.0200225990266,-0.011473722072
cloud-mist,6.67,0.170304581523,0.1306282055,0.241266488508,0.142115441905,0.149087110107
driver-pilot,6.28,0.329423974191,0.318793944264,0.306986123323,0.112522446363,0.0964100990999
sugar-honey,5.13,0.310626674332,0.311817057349,0.430978775024,0.261320711532,0.263947681424
body-shoulder,2.88,0.17566883564,0.0806173160672,0.175738339082,0.107978895307,0.11255286634
idea-image,3.55,0.116925694048,0.130874149851,0.109162523399,0.0316724963486,0.047196394783
father-brother,4.2,0.740384550049,0.774186551571,0.804927133926,0.514326511106,0.497675895691
moon-planet,5.87,0.525480800752,0.493825167786,0.576062321663,0.320873034984,0.294382226802
ball-costume,2.32,-0.046264546887,0.132785215046,0.102755522892,0.080509896248,0.0973198637366
rail-fence,5.22,0.153636822321,0.0427770353854,0.154564451627,0.0943775698543,0.1034179168
room-bed,2.35,0.273664772511,0.291404128075,0.324325570384,0.191820129752,0.131340205669
flower-bush,4.25,0.0773900867933,-0.040851293704,-0.0159905664623,-0.0250332709402,-0.0522654305119
bone-knee,4.17,0.19854019889,0.125686295371,0.164499074221,0.0345258746116,0.0513286241983
arm-knee,2.75,0.234629584507,0.240093052387,0.275601178408,0.0889803522217,0.101640141108
bottom-side,2.63,0.361045799318,0.300945752746,0.431681066751,0.296365457557,0.297631347462
vessel-vein,5.15,0.0778798609972,0.105487077265,0.0948959028845,0.0504857376218,-0.0143123044781
cat-rabbit,2.37,0.281295239925,0.375597596169,0.431885369791,0.209115430713,0.193569108844
meat-sandwich,2.35,0.0266824119796,0.11888730526,0.160438085225,0.159004578531,0.0967466160655
belief-concept,5.08,0.323072929565,0.409432291985,0.3990260483,0.189880397313,0.209194347262
intelligence-insight,5.9,0.114735804498,0.14832098176,0.155534788966,0.0782105624676,0.0337825437655
attention-interest,7.22,0.374591961454,0.397443348017,0.366673407954,0.0889470332233,0.137971209046
attitude-confidence,4.35,0.177413165569,0.140790866708,0.16835129261,0.0370532951717,0.0427282340825
right-justice,7.05,0.181188546874,0.168154681811,0.218580067158,0.14351276198,0.1791331321
argument-agreement,1.45,0.209778681397,0.212109451042,0.142192018963,-0.00626932615184,-0.0389389768243
depth-magnitude,6.12,0.183405891061,0.164252325892,0.172038501148,0.0531116724014,0.0358843579888
medium-news,3.65,0.0824772742445,0.0728123082407,0.0858162939548,0.042906643128,0.0490751543253
winner-candidate,2.78,0.223359137774,0.2123996593,0.25008264184,0.108460604159,0.112432509661
birthday-date,5.08,0.0875273995118,0.155698945779,0.166917398572,0.073485077737,0.117751643926
fee-payment,7.15,0.219507116734,0.199432888559,0.336934258111,0.205624604896,0.190744123966
bible-hymn,5.15,0.0693849548697,0.0874791294336,0.0733142687866,0.0368387177587,-0.0141597865149
exit-doorway,5.5,0.0192046057975,0.0630756728008,0.00795354785579,0.018629707002,-0.0818837410946
aisle-hall,6.35,0.0234734872399,-0.015107922256,0.0108595850831,-0.0264845391642,0.046613521874
whiskey-gin,6.28,0.0247777834667,0.147888430827,0.201551345083,0.147054127034,0.165184433173
floor-deck,5.55,0.196262485234,0.218351434869,0.201718613505,0.0535009849368,0.0330734180598
roof-floor,2.62,0.331101139653,0.360197169804,0.450918078423,0.2377481893,0.203558122688
door-floor,1.67,0.200521331901,0.257163822651,0.261639088392,0.135522827506,0.105698016417
shoulder-head,3.42,0.177625368692,0.157061543219,0.253903001082,0.167005206107,0.1865706704
wagon-carriage,7.7,0.207101610726,0.181019946933,0.35993178844,0.205492660403,0.213298139769
car-carriage,5.13,0.185990374445,0.127832509746,0.167640641332,0.0696249827743,0.051526940051
elbow-ankle,3.13,0.0567478459625,0.0619606748545,0.152824640274,0.126712202822,0.109060822017
wealth-fame,4.02,0.238486528397,0.222126912728,0.274876382962,0.135821044445,0.160944525712
sorrow-shame,4.77,0.0444186952364,0.18089952653,0.105091741985,0.00930629036502,-0.00851326435804
administration-management,7.25,0.386901272905,0.423685218315,0.444586601531,0.285653795522,0.272581980978
communication-conversation,8.02,0.190844837377,0.154604446339,0.15305800736,0.0166471312432,0.0385569540126
pollution-atmosphere,4.25,0.173457303827,0.0688728507681,0.121920004487,0.023178556934,0.0567865524121
anatomy-biology,5.33,0.270351426026,0.275365518055,0.349346300921,0.169797683942,0.152568841134
college-profession,3.12,0.143347129226,0.0616045407951,0.0428652267376,-0.0575599484146,-0.0362636484206
book-topic,2.07,0.199558094144,0.101787865162,0.194878351383,0.125306859612,0.127623066306
formula-equation,7.95,0.532176971436,0.503016472582,0.527006808163,0.168430914692,0.152824509481
book-information,5,0.235660836101,0.243681951981,0.242096796161,0.128087796455,0.13323841989
boy-partner,1.9,0.161729797721,0.131190531325,0.109745626404,0.0107894797721,-0.018974903971
sky-universe,4.68,0.172948667652,0.199585553979,0.184145469418,0.0602749252155,0.0970734283328
population-people,7.68,0.427690203648,0.427612811327,0.48238787055,0.317581314896,0.326443761587
college-class,4.13,0.224109992385,0.256686240435,0.266071095105,0.147982686758,0.163795620203
chief-mayor,4.85,0.281698767149,0.311614185572,0.291411216091,0.126325197597,0.147101709074
rabbi-minister,7.62,0.019079271704,0.107709146005,0.0594063883666,0.0119888892093,0.0129984831437
meter-inch,5.08,0.203670015494,0.263569042895,0.279645400026,0.0872221388088,0.120041109622
polyester-cotton,5.63,0.043440463748,0.0421150164765,0.136308886785,0.148658034365,0.114394604528
lawyer-banker,1.88,0.239158555865,0.215569732521,0.324624378957,0.189297422767,0.157926539059
violin-instrument,6.58,0.37929641481,0.242619276927,0.372366979404,0.165510455905,0.193794679272
camp-cabin,4.2,0.210340631624,0.10815369882,0.117534793913,-0.0248689472441,-0.00335718528368
linen-fabric,7.47,0.140830159187,0.135195329785,0.254983574746,0.149836391211,0.146007940173
whiskey-champagne,5.33,0.124840475657,0.154832437634,0.127947434783,0.0507936119087,-0.021805090093
girl-child,5.38,0.356186432384,0.401287126695,0.455447738713,0.258858101164,0.270213053835
cottage-cabin,7.72,0.150221601129,0.120319231787,0.166774729875,0.0583638655679,0.0607402436435
bird-hen,7.03,0.0471249558032,0.0123072950399,0.0561968237162,0.0478840711255,0.0308302119374
sunset-evening,5.98,0.221529111266,0.227354764938,0.28160898199,0.142107114196,0.113074682653
adult-baby,2.22,0.115613512135,0.256997988045,0.2127438083,0.130864732317,0.0781315388162
charcoal-coal,7.63,0.195439678159,0.220315782447,0.309316955886,0.179200421524,0.174656133333
body-spine,4.78,0.0972080379725,0.128041282296,0.133268946398,0.0934878066182,0.0542929843068
head-nail,2.47,0.0558878663711,0.0829990779759,0.106868544892,0.065475020735,0.0854285704579
log-timber,8.05,0.0869750976562,0.0357095641744,0.107290563856,0.0786891077386,0.0670827701688
spoon-cup,2.02,0.00774397654459,0.0482448078692,0.031018523527,0.00747065106407,0.00918892212212
body-nerve,3.13,0.0224995437265,-0.0353055894375,0.0163841983756,0.0198092181236,0.0391968404714
man-husband,5.32,0.215473605125,0.273322880268,0.266492456198,0.153386041522,0.122991301
bone-neck,2.53,0.238020734427,0.119061618689,0.196049496531,0.1343654532,0.0184281721519
frustration-anger,6.5,0.296180998824,0.29590269376,0.466187596321,0.247800543773,0.295215589093
river-sea,5.72,0.483520417423,0.470850110054,0.516954691229,0.319642714305,0.271789927207
task-job,8.87,0.330115139484,0.318972229958,0.293711292369,0.0908440575004,0.0451594702899
club-society,5.23,0.243518249746,0.279583338449,0.257244557142,0.115420006787,0.131068430479
reflection-image,7.27,0.0909349396825,0.101746915385,0.107270850675,0.0334731899202,0.0615680217187
prince-king,5.92,0.495716452343,0.520980889563,0.573850393295,0.377727165493,0.341525683312
snow-weather,5.48,0.30810675025,0.293120724373,0.35920098424,0.196132373579,0.194103798973
people-party,2.2,0.283409297466,0.293344485363,0.288382905029,0.130743749782,0.167780816555
boy-brother,6.67,0.314888179302,0.339574843645,0.359109593524,0.220706641674,0.165105462074
root-grass,3.55,0.190462753177,0.106499448419,0.165453657508,0.0596803948283,0.0654600486159
money-pearl,2.1,-0.0610503404469,-0.0686320587993,-0.0621744804084,-0.0512802370656,0.0216347724199
money-diamond,3.42,0.0448891872035,0.0369435288012,-0.00850109484805,-0.083683391433,-0.0212724407776
vehicle-bus,6.47,0.241893677937,0.24571832989,0.264917075634,0.140257113591,0.088336254756
cab-bus,5.6,0.10965627249,0.0366360470653,0.0694411695004,0.0207589616334,0.015326401201
house-barn,4.33,0.170947000384,0.126333862543,0.246486782399,0.178833439946,0.212338864803
finger-palm,3.33,0.138918437893,0.260528862476,0.270945326742,0.151205906344,0.123870164156
car-bridge,0.95,0.195611998439,0.184024210812,0.187751442194,0.0941209718585,0.0680234696283
effort-difficulty,4.45,0.226862117648,0.181085512042,0.170718009515,-0.00970942527056,0.00980043504387
fact-insight,4.77,-0.0363890513116,0.0155933797322,-0.038119520992,-0.0169649842063,-0.0609600355876
job-management,3.97,0.170748665929,0.18673427403,0.223884296284,0.157102942467,0.154718309641
cancer-sickness,7.93,0.177730673226,0.2243314267,0.25450399518,0.0735255554318,0.141493689062
word-newspaper,2.47,0.0778416246176,0.109336583873,0.0736831501126,0.0338083654642,0.00553542920786
composer-writer,6.58,0.537533691517,0.516152203083,0.543678018074,0.295266324846,0.251113086806
actor-singer,4.52,0.563513755798,0.546656781834,0.621618583395,0.359128819808,0.355069935322
shelter-hut,6.47,-0.0343705747282,0.113517463207,0.0448852431706,0.00895864889026,0.017963697855
bathroom-kitchen,3.1,0.227798178792,0.205519760313,0.353844493628,0.186603069305,0.238599835467
cabin-hut,6.53,0.159218605254,0.217981737015,0.262191653252,0.1115623191,0.121019095182
door-kitchen,1.67,0.108371140555,0.111039565678,0.201313897967,0.12693645037,0.189072690717
value-belief,7.07,0.225594115328,0.143988945722,0.164653281611,0.0600499807328,0.037001137376
wisdom-intelligence,7.47,0.184229463339,0.192126277558,0.294192284346,0.177700366241,0.212114115105
ignorance-intelligence,1.5,0.0283832661808,0.0197368457325,0.0230131428689,0.0378295280236,-0.0274186157532
happiness-luck,2.38,0.141615556671,0.0965682549219,0.137395136797,0.110049044794,-0.0400966168998
idea-scheme,6.75,0.28421831131,0.292085324774,0.243983834623,0.0382762238846,0.034921998377
mood-emotion,8.12,0.166953364974,0.188282650011,0.281616197921,0.148428550456,0.178047701716
happiness-peace,6.03,0.17537837331,0.15605762041,0.237398117781,0.163261447938,0.138018363
despair-misery,7.22,0.0870347000381,0.0834804326296,0.132807388902,0.0579062064234,0.0492944121361
logic-arithmetic,3.97,0.155447646976,0.210798844695,0.272442029264,0.137482464314,0.167280212045
denial-confession,1.03,-0.0194369349629,-0.0140318172053,0.0116504614666,0.0746154263616,-0.0135962516069
argument-criticism,5.08,0.318687826395,0.331910997629,0.311548251602,0.0788486227393,0.106278277934
aggression-hostility,8.48,0.138617692755,0.183151338509,0.19038429501,0.0689675353208,0.0625580437447
hysteria-confusion,6.33,0.0426776781678,0.0107647465748,0.112863643511,0.11916314135,0.0810998156667
chemistry-theory,3.17,0.209648907185,0.146803417611,0.179331700762,0.0886837445905,0.0812955871224
trial-verdict,3.33,0.158948138356,0.0979774253991,0.225028154257,0.159409761429,0.143621487186
comfort-safety,5.8,0.207638084888,0.231183201075,0.334060013294,0.234447702765,0.220153838396
confidence-self,3.12,0.0409954711795,0.0333847555083,0.0645106360316,0.0460489243269,0.034488901882
vision-perception,6.88,0.226389452815,0.202968922434,0.251919105763,0.122534885856,0.100526936352
era-decade,5.4,0.379455149174,0.37102989131,0.414563477039,0.15467096297,0.202891578926
biography-fiction,1.38,0.275644183159,0.255916104073,0.274896489078,0.107837460935,0.144722500129
discussion-argument,5.48,0.334497839212,0.32008890153,0.306925046857,0.0670639798045,0.0867057546026
code-symbol,6.03,0.267390968489,0.237202375364,0.250655204058,0.112602954376,0.101987339556
danger-disease,3,0.237070918083,0.197240558102,0.218144878745,0.0502428367879,0.0854757428169
accident-catastrophe,5.9,0.132320255041,-0.05921193624,0.0818211783064,0.043441301621,0.0646071508527
journey-trip,8.88,0.582628811441,0.586461007595,0.587963377712,0.1307837296,0.136115311251
activity-movement,7.15,0.344359567425,0.323325285116,0.307626277208,0.0844422083428,0.0779083492105
gossip-news,5.22,0.0304681454786,0.0497592791771,0.108619101346,0.0933426525201,0.114239410849
father-god,3.57,0.349623748683,0.345708996058,0.358206752966,0.256984978082,0.237446217981
action-course,5.45,0.183151766658,0.264288811172,0.274439527128,0.217622596905,0.14858096838
fever-illness,7.65,0.215137111238,0.187605407095,0.256292849779,0.10200011456,0.124997705221
aviation-flight,8.18,0.146619364619,0.1845395487,0.231300813711,0.15947458559,0.159059628844
game-action,4.85,0.239581331611,0.239776179194,0.260679409544,0.170485541224,0.161609515548
molecule-air,3.05,0.103842078378,0.046260766685,0.0782890794701,0.0406185002994,0.0288086608052
home-state,2.58,0.235656857491,0.23055668407,0.291651214164,0.274431705475,0.222186836936
word-literature,4.77,0.275597691536,0.28605659521,0.260128289461,0.139559134841,0.114159143815
adult-guardian,6.9,0.0633354820809,0.0207699512404,0.0804915779243,0.0263279505866,0.0975466577737
newspaper-information,5.65,0.120316125453,0.0976443348911,0.118862300745,0.0572341044089,0.0773341208696
communication-television,5.6,0.134409286643,0.113732607516,0.130486964525,0.0620640143492,0.086252314001
cousin-uncle,4.63,0.545070561473,0.544459884698,0.589182888817,0.248276784811,0.260749683425
author-reader,1.6,0.19478651223,0.284649044275,0.288861185312,0.171590621566,0.164812902499
guy-partner,3.57,0.14414063096,0.0597011706055,0.0514756434545,-0.0408414030577,-0.0338190644979
area-corner,2.07,0.0787710398436,0.0921515355797,0.123061187334,0.10361097753,0.0766966165123
ballad-song,7.53,0.282903684205,0.284435659647,0.394249552146,0.22755246132,0.263142631241
wall-decoration,2.62,0.098546712447,-0.0128664050033,0.0817755065232,0.029958339485,0.0904585577944
word-page,2.92,0.219900086522,0.263521806212,0.240838856597,0.107890829444,0.13763406203
nurse-scientist,2.08,0.207993149757,0.152429679181,0.151824459434,0.0454279668629,-0.0356387107455
politician-president,7.38,0.16489035874,0.195458259908,0.240941315889,0.184350803494,0.167529260222
president-mayor,5.68,0.485086290251,0.50152695179,0.504993617535,0.253822401394,0.280620442666
book-essay,4.72,0.326400011778,0.375420004129,0.419910162687,0.24180470407,0.22414419055
man-warrior,4.72,0.231083171835,0.195455029607,0.248209953308,0.127302482724,0.140471739713
article-journal,6.18,0.352054178715,0.336676378646,0.428934425116,0.250712186098,0.283824588797
breakfast-supper,4.4,0.0846417248249,0.0964762029932,0.119418390095,0.0547668035189,0.0397570542991
crowd-parade,3.93,0.115250274539,0.140614820645,0.168626184382,0.0788054540753,0.0957915296207
teacher-rabbi,4.37,0.196464431075,0.16719289124,0.281165093184,0.204256204024,0.1554941535
hip-lip,1.43,0.0451166033745,0.0661000868022,0.086060946349,0.0441646523279,0.0390404597843
book-article,5.43,0.500330686569,0.459219907615,0.485309898853,0.250826001069,0.265691697598
room-cell,4.58,0.19233366847,0.186735644937,0.183425079788,0.0633514747024,0.0743428245187
box-booth,3.8,0.0221736729145,0.00188973687238,0.0798571685127,0.0721560630612,0.100523705718
daughter-kid,4.17,0.0719246640801,0.064379979037,0.0467245103522,0.00574385002255,-0.0153870005019
limb-leg,6.9,0.0520976607981,0.106948055327,0.124803312146,0.0768767744303,0.0370284051265
liver-lung,2.7,0.249927788973,0.219828886976,0.350993519785,0.226465551643,0.184162303805
car-elevator,1.03,0.0248864363811,0.073895339602,0.107800467777,0.0814522430301,0.0972048756128
bed-couch,3.42,0.0874617248774,0.0383890858723,0.1119232915,0.0764149783355,0.0738682001829
clothes-button,2.3,0.0234720842043,0.0264214317398,0.0379464022283,0.0212559110678,0.0201703328639
clothes-coat,5.35,0.167846386772,0.137711442249,0.134654477239,-0.00827912619312,0.0433472331853
kidney-organ,6.17,0.0423832561006,0.125385031104,0.115149789146,0.0402017445983,0.0646976754069
apple-sauce,1.43,0.0899575725198,0.103001405657,0.15780761838,0.0827201579642,0.110083914404
car-hose,0.87,-0.0382334240218,-0.10318762549,-0.0409102141857,0.0154306571815,0.0257516031118
tobacco-cigarette,7.5,0.0894718819542,0.157402996111,0.223538605782,0.164614324524,0.134619139708
student-professor,1.95,0.277285665274,0.278240220442,0.309680074453,0.178438991308,0.163012529195
baby-daughter,5,0.308057844639,0.298374104403,0.369113459481,0.220413087035,0.220477417111
pipe-cigar,6.03,-0.00945748761296,0.0267614591867,0.0238588117063,0.0184602029622,0.0180157199502
milk-juice,4.05,0.212864403383,0.182486008554,0.275553034279,0.141233621093,0.128061764125
box-cigar,1.25,0.0874418914318,0.138364075021,0.113240109296,0.0964540764689,-0.0597223456535
apartment-hotel,3.33,0.22930419445,0.241944625974,0.298542344744,0.142944186926,0.178979203105
cup-cone,3.17,0.100152626634,0.0302630550571,0.0398753532693,-0.0361926614459,0.00436324905604
horse-ox,3.02,0.0336566025819,0.0198945049196,0.15144687891,0.143429198469,0.154908564102
throat-nose,2.8,0.204392490053,0.195869788527,0.329342991114,0.212497144938,0.174639816561
bone-teeth,4.17,0.152760651379,0.13181570958,0.278164105306,0.209292491163,0.194090854769
bone-elbow,3.78,0.081233767422,0.11673009297,0.0974682867527,0.0319386776126,0.00988560042593
bacon-bean,1.22,0.224615439773,0.0798436403275,0.152986884117,0.0423377975821,0.000110077860882
cup-jar,5.13,0.106417283416,0.0450096119946,0.0932232365012,0.0580459122685,0.0175338480622
proof-fact,7.3,0.263944969412,0.265936259255,0.307895809412,0.170995091915,0.184659484266
appointment-engagement,6.75,0.16197501123,0.136409691786,0.0925187096,-0.0624621100769,-0.009722357264
birthday-year,1.67,0.0678037634854,0.0771700647867,0.0935219973326,0.036769433276,0.0738796473217
word-clue,2.53,0.0363628007472,-0.0773415732195,0.00603656817909,0.018917094181,0.0379944466349
author-creator,8.02,0.271955224509,0.292642772198,0.316729068756,0.145575889681,0.179328109582
atom-carbon,3.1,0.217422906468,0.224004356504,0.279200524092,0.145489982039,0.151471599936
archbishop-bishop,7.05,0.548145982513,0.513397066987,0.621581673622,0.273009316505,0.283137364201
letter-paragraph,4,0.109925269182,0.108720861375,0.131307967383,0.0641937851906,0.0649455824462
page-paragraph,3.03,0.174407149816,0.229858055711,0.278506321996,0.194776386023,0.133817248572
muscle-bone,3.65,0.321592758799,0.177310477335,0.400449991226,0.262430848173,0.228391575409
muscle-tongue,5,0.00965116940006,0.139122352004,0.122123882174,0.0890771501706,0.0606860405616
boy-soldier,2.15,0.321249118894,0.255526065826,0.288899294537,0.081031434238,0.125907927643
belly-abdomen,8.13,0.2707683146,0.155049800873,0.333843618631,0.171034038067,0.166851967573
guy-girl,3.33,0.207640138724,0.203561753035,0.197862356901,0.0418060384691,0.0773100675529
bed-chair,3.5,0.285946369171,0.275448471308,0.298174237987,0.0903307273984,0.151429727674
clothes-jacket,5.15,0.0961537567469,0.142617670582,0.126603483963,0.00350507136837,0.0525611315595
gun-knife,3.65,0.253025040211,0.122688017648,0.20027069451,0.0501061298016,0.0738186135184
tin-metal,5.63,0.278009533882,0.290264427662,0.336138397455,0.17672380805,0.195005476475
bottle-container,7.93,0.198309040271,0.242707804715,0.263227150633,0.110175603905,0.082736057611
hen-turkey,6.13,-0.0137501377612,-0.0682558633976,0.0295247099265,0.0825362056494,0.0786334331473
meat-bread,1.67,0.307971227644,0.269374459982,0.371204592514,0.182311486144,0.205065771937
arm-bone,3.83,0.158202430117,0.103675483386,0.155179172754,0.034889974134,0.0830021923182
neck-spine,5.32,0.267171084881,0.207640558481,0.308815963127,0.154615625739,0.161453813314
apple-lemon,4.05,0.0899734613331,0.0455620837547,0.0477033908423,-0.00795061979443,-0.00941214002447
agony-grief,7.63,-0.0251793462997,0.176705220138,0.0485351532698,0.023141948023,-0.0640874466844
assignment-task,8.7,0.235552325845,0.202921071997,0.239251359657,0.0569297298789,0.0691579513738
night-dawn,2.95,0.250521153212,0.217547878623,0.29001814127,0.154572382569,0.195483416319
dinner-soup,3.72,0.0589757822454,0.0715038403869,0.110107168555,0.0848507806659,0.0378809012473
calf-bull,4.93,-0.0293651390821,0.0370106995106,0.0784339131972,0.0861695706844,0.0869958326221
snow-storm,4.8,0.143692865968,0.212811561655,0.243246927455,0.162559682879,0.131018250463
nail-hand,3.42,0.116597495973,0.0823102642483,0.0890127739899,-0.000133987989812,0.0320436507463
dog-horse,2.38,0.492984235705,0.50262516737,0.552383932613,0.2397978616,0.197914895291
arm-neck,1.58,0.408658797065,0.371690630913,0.454435318708,0.190928992088,0.173257470131
ball-glove,1.75,0.0743782683466,0.0710992217064,0.131794556975,0.080898468548,0.0909243727281
fee-salary,3.72,0.226144763691,0.215218339536,0.243763611464,0.0758467002694,0.0552754820555
nerve-brain,3.88,0.120612949394,0.129334293564,0.204068240766,0.146463325831,0.138600491798
beast-animal,7.83,0.078979675709,0.106831818819,0.13118246124,0.0741802528501,0.0782311605353
dinner-chicken,2.85,0.0743895769119,0.0108993320703,0.0839407492947,0.0700588864123,0.0562179684639
girl-maid,2.93,0.184122707493,0.205040022731,0.236087604528,0.107971950351,0.102695479989
child-boy,5.75,0.46244287267,0.479502526462,0.513966321945,0.228410212899,0.291378413603
alcohol-wine,7.42,0.266259119884,0.323739379644,0.338887324267,0.157891476625,0.159472182393
nose-mouth,3.73,0.28764589804,0.262620894596,0.408808141947,0.247559413459,0.251070559152
street-car,2.38,0.227433174849,0.170827831079,0.237938523293,0.149896496528,0.158100530505
bell-door,2.2,0.114506388722,0.0539457510178,0.0859863311052,0.0598544372965,-0.00858191019065
box-hat,1.3,0.114524334045,0.135446234292,0.179900888807,0.104551278055,0.0762153818479
belief-impression,5.95,0.0206589226817,0.0330403856933,0.0393434716054,0.0365432150092,0.00541303493083
bias-opinion,5.6,0.149935442202,0.178184881806,0.163600613856,0.0469267573269,-0.00461418321356
attention-awareness,8.73,0.229691593629,0.247317582209,0.250342220109,0.0782487811594,0.069354769251
anger-mood,4.1,0.177641753695,0.176773786545,0.188628777862,0.0802276927368,0.0342656407636
elegance-style,5.72,-0.0427830429038,0.00290402065577,0.0671969692228,0.0872892111791,0.13181122433
beauty-age,1.58,0.142454358036,0.051014503273,0.0821173042059,0.0445265429083,0.0117805486116
book-theme,2.58,0.200445652008,0.234355612657,0.270450264215,0.173622067191,0.164515525103
friend-mother,2.53,0.502596974063,0.469659209251,0.496675759554,0.302896350622,0.259097336638
vitamin-iron,5.55,0.021534229981,0.0275057137768,0.0510432645679,0.0732115519895,0.0100532325793
car-factory,2.75,0.269662559032,0.286496822416,0.370717487974,0.21232746317,0.261267647819
pact-condition,2.45,0.0103315198794,0.0445718243718,0.0626245737224,0.0525004863739,0.0434972494841
chapter-choice,0.48,0.0119964534117,0.0275107100606,-0.0582680441439,-0.108031392097,-0.0909435579743
arithmetic-rhythm,2.35,0.124565318201,-0.0537076475446,0.036536217366,-0.0163835688015,0.0348334631225
winner-presence,1.08,0.0133651718497,-0.024206507951,-0.0817409951532,-0.0977804586291,-0.0996402949095
belief-flower,0.4,0.044634203293,0.00301455701043,-0.0446099825203,-0.130266145499,-0.0329862944782
winner-goal,3.23,0.250237837448,0.242748246461,0.224399015307,0.0696458062952,0.00808685321133
trick-size,0.48,-0.0401331657251,-0.0823513120413,-0.105885832363,-0.0466858707368,-0.110579236482
choice-vein,0.98,0.0933351646862,-0.0245117023587,-0.0264807380736,-0.0231748926297,-0.110061883926
hymn-conquest,0.68,-0.0429652582386,0.000571635959204,-0.0379576393017,-0.0247838292271,-0.0212583759432
endurance-band,0.4,-0.0673573578809,0.00818794362622,-0.0147782274948,0.0126197012141,0.00474162270029
jail-choice,1.08,0.0646864178403,0.12286709249,0.0481277360396,-0.0296494550049,-0.03405079076
condition-boy,0.48,0.0885287821293,0.139923930168,0.0628716313013,-0.0312382020056,-0.0270896814764
flower-endurance,0.4,-0.012847549282,0.0124622821763,-0.0793291675645,-0.0977014882983,-0.101998029768
hole-agreement,0.3,0.0129279792309,0.0643646902225,0.0250357914695,0.0237263468681,-0.035754738644
doctor-temper,0.48,0.0443492952377,0.0370509214699,-0.00892342214575,-0.0425890372587,-0.0604976824223
fraternity-door,0.68,-0.0541964443986,-0.0238526472327,-0.0248999260366,-0.0074843876455,0.0250959645842
task-woman,0.68,0.0392694436014,0.045258471935,-0.00260544793378,-0.0269355201649,-0.0648061782122
fraternity-baseball,0.88,0.0519522316754,0.00569786457345,0.0495585761964,0.0407043285668,0.0245759952813
cent-size,0.4,-0.0436372447692,-0.12786833214,-0.0884880870581,-0.0272924304008,-0.0404826525429
presence-door,0.48,0.026467498962,0.0434778578904,-0.00927082783853,-0.0605428258428,-0.0341834757705
mouse-management,0.48,-0.0610778705981,-0.0582683719695,-0.0556465838464,-0.039292662377,-0.000150774692884
task-highway,0.48,-0.0100187404465,0.024125894107,-0.0442885868251,-0.112831547131,-0.0200963348953
liquor-century,0.4,0.00237103197398,-0.0658296460408,-0.0949173009494,-0.0775550277564,-0.0833599766064
task-straw,0.68,-0.0411119386554,-0.0140929425172,-0.0370254851878,-0.0113908354733,-0.0213629659265
island-task,0.3,-0.000731627398636,0.0738814459584,-0.0166408587247,0.00992937292904,-0.129117339359
night-chapter,0.48,0.0942917838693,0.0943388044834,0.039743776352,-0.062840692699,-0.00918057374656
pollution-president,0.68,-0.0281196868044,-0.108397900069,-0.12145024538,-0.104622595012,-0.100135576741
gun-trick,0.48,0.160950914025,0.089441485703,0.102487352787,-0.0137504041195,0.0175193715841
bath-trick,0.58,0.0715094623869,0.0850914344192,0.0384444608721,-0.138739027902,0.0691529214382
diet-apple,1.18,0.115448832512,0.0485945112166,0.050496160984,-0.0232448740747,-0.00541032338515
cent-wife,0.58,0.0138956317678,-0.00870401277864,-0.0509027266088,-0.0105659477413,-0.125421218599
chapter-tail,0.3,0.0604770741151,0.0833539341862,0.0465814322233,0.0134072986281,-0.0261018980951
course-stomach,0.58,-0.0118170534143,-0.006628694295,-0.0295106302947,-0.0290988630386,-0.0291055483268
hymn-straw,0.4,0.0707958042622,0.0703998142957,0.0803231570317,0.0157988816707,0.0211756918579
dentist-colonel,0.4,0.0722115498437,-0.00307610477904,0.0417553931475,0.0592129414805,-0.0270040149537
wife-straw,0.4,0.0245288275182,-0.0906208191062,-0.0357564544089,-0.0501446299427,0.0262084938586
hole-wife,0.68,0.10313591361,0.0426990601539,0.0184342167707,-0.0299283843488,-0.0669070000593
pupil-president,0.78,0.010313094277,0.0278001164824,0.00306144002446,-0.0523359552026,0.0224126902119
bath-wife,0.48,0.103466047553,0.101385705173,0.167631104589,0.109522341759,0.116023950279
people-cent,0.48,-0.0480854026973,-0.0678640420952,-0.0963293835521,-0.0569061037544,-0.0833777487278
formula-log,1.77,0.149943381548,0.113845600348,0.14434219267,0.0755215361714,0.0174020475032
woman-fur,0.58,-0.0373420007527,0.005823470305,-0.059581424867,-0.0591163782249,-0.0658130045756
apple-sunshine,0.58,0.0731995372891,-0.0389423728849,-0.035097528249,-0.073112025857,-0.0487130193368
gun-dawn,1.18,-0.00627633556724,-0.0945643410087,-0.0261555211822,-0.0281179342419,0.0594260729849
meal-waist,0.98,-0.0282021030876,-0.0106199197471,0.0295399072492,0.0447521374824,0.0601464770734
camera-president,0.48,0.0269531158032,-0.00934688933194,-0.033146481961,-0.0364761985838,-0.0806130442389
liquor-band,0.68,-0.124096415883,0.0222564786673,-0.10728597641,-0.158444806933,-0.0307213272584
stomach-vein,2.35,0.0819869539753,0.0720356840449,0.168301662004,0.0700206971144,0.153065961234
gun-fur,0.3,0.0087102483958,0.0935531239839,0.0213154455313,0.0514997572601,-0.100106649101
couch-baseball,0.88,-0.0171577446163,0.00617122343749,-0.0294847842306,-0.107405170798,0.0427029007431
worker-camera,0.68,0.06237263605,0.107796140015,0.0470675034563,-0.0308220405132,-0.0137699656188
deck-mouse,0.48,0.0711095993388,0.0149465696886,0.115832396944,0.0540763400495,0.145426881858
rice-boy,0.4,-0.0066527828094,0.0845115829096,-0.0100187205546,-0.0263904581052,-0.0798973420385
people-gun,0.68,0.0284029096365,-0.0363827124238,-0.0271440537062,-0.0353508964181,-0.0357180871069
cliff-tail,0.3,0.197991099834,0.147060132202,0.159470379353,0.0642003936529,0.0054332089568
ankle-window,0.3,-0.00244036168436,0.0553065071269,0.0125894183293,0.00287219515646,-0.0257740735085
princess-island,0.3,0.0925509388775,0.0596302304113,0.0951819568872,0.0668520664065,0.0441564545035
container-mouse,0.3,0.0332002227664,0.00213717599399,0.0586112292939,0.0809316560626,0.0291236809196
wagon-container,2.65,0.0962799340487,0.0537544079125,0.114700331056,0.053637649864,0.0559041686356
people-balloon,0.48,-0.108760870993,-0.0679670910816,-0.148018717766,-0.0950884279661,-0.112156316638
dollar-people,0.4,-0.0588626747646,-0.0246553882751,-0.0808207265521,-0.0521793247568,-0.0819163967321
bath-balloon,0.4,0.0900551581416,0.0137045736211,0.0392645587904,-0.028937838696,0.0138851497322
stomach-bedroom,0.4,0.136821760318,0.172270709602,0.156106365819,-0.0178054810696,0.0585465063397
bicycle-bedroom,0.4,-0.0286297442692,0.0389316417277,-0.0182999532402,-0.00730181435804,-0.0450241826475
log-bath,0.4,-0.00555670434202,0.0422526188195,0.0275639614425,-0.0376672111452,0.0658275598781
bowl-tail,0.48,0.0851560661569,-0.00653241450326,-0.00644229508507,-0.0143814067546,-0.0817595769024
go-come,2.42,0.648282289505,0.612034976482,0.65952527523,0.284529924393,0.293327361345
take-steal,6.18,0.148426803759,0.242896705442,0.175206740188,0.0260899451929,0.023430596571
listen-hear,8.17,0.434956435266,0.404344534615,0.454633271142,0.130482785077,0.128184042681
occur-happen,9.32,0.48081749449,0.457141128608,0.463907003403,0.0691759404049,0.0958992655157
vanish-disappear,9.8,0.214319184422,0.180994755744,0.239511489243,0.0560872066669,0.0756159842381
multiply-divide,1.75,0.165028710965,0.189190905642,0.298345047137,0.176180671226,0.200873831019
plead-beg,9.08,0.169557338304,0.119720026851,0.182912677526,0.0205011019708,0.0922162383795
begin-originate,8.2,0.0846358489556,0.169704253656,0.0748038992403,-0.0459633683242,-0.0258425579479
protect-defend,9.13,0.513861654537,0.555496633053,0.560289289934,0.225706979632,0.226640629573
kill-destroy,5.9,0.482596576214,0.439384516441,0.483461886644,0.157481148839,0.187551315877
create-make,8.72,0.587903534645,0.590508282185,0.561232149601,0.248191222548,0.21706293327
accept-reject,0.83,0.432320394239,0.39050009194,0.508295654262,0.225334809701,0.238739997149
ignore-avoid,6.87,0.235267669841,0.137942807429,0.170015364885,0.0359303882337,-0.0313694272119
carry-bring,5.8,0.372638583183,0.413330996831,0.29834997654,-0.0373190477383,-0.035657338798
leave-enter,0.95,0.5550996396,0.557254539191,0.530670495669,0.137891022814,0.124827846895
choose-elect,7.62,0.337371468544,0.384791834975,0.338388303614,0.0543797733629,0.0704557597637
lose-fail,7.33,0.313400417566,0.29051329437,0.323601394892,0.102400004864,0.060685571175
encourage-discourage,1.58,0.314473688602,0.347837677469,0.455964567902,0.255256175995,0.208574978028
achieve-accomplish,8.57,0.212838009,0.267245469422,0.231324791908,0.0568943663663,0.0162230283022
make-construct,8.33,0.225312946755,0.316702932119,0.270919233561,0.0871059499446,0.106289282441
listen-obey,4.93,0.12166920344,0.199827513119,0.17699611187,0.0462994408549,0.0293996690184
inform-notify,9.25,0.161532292457,0.226072209946,0.241092845798,0.0164006892592,0.134590811456
receive-give,1.47,0.504308223724,0.507619470812,0.473642796278,0.120741098865,0.0757105723023
borrow-beg,2.62,0.0404371010028,0.00619194982573,0.0479350723326,0.0306138544896,0.0224751811475
take-obtain,7.1,0.38490652352,0.38551825285,0.336083044281,0.0446371574484,0.0580778047442
advise-recommend,8.1,0.224351599813,0.242580130696,0.230990780114,-0.000154082954396,0.0275705661625
imitate-portray,6.75,0.127427220345,0.145060592595,0.147638916969,0.0139355602599,0.0369950979948
win-succeed,7.9,0.236418291926,0.2110673762,0.156507879496,-0.0155334770679,-0.0213227377875
think-decide,5.13,0.163856451375,0.258829563856,0.171745578751,-0.0215578296964,0.0215975710957
greet-meet,6.17,0.159358884769,0.135163628171,0.274812714744,0.198067668196,0.20662483573
agree-argue,0.77,0.206097170711,0.158133402467,0.212805211544,0.0538052916527,0.118981845677
enjoy-entertain,5.92,0.155427303263,0.119888894869,0.13538611866,-0.0304679331371,0.0707544600064
destroy-make,1.6,0.315172691057,0.275045126677,0.274541139603,0.108765229583,0.0764482811957
save-protect,6.58,0.437230557203,0.371209681034,0.354833862474,0.0801551491022,0.0694129988551
give-lend,7.22,0.150870943121,0.131337911646,0.152646884322,0.0607915407891,0.0289642659085
understand-know,7.47,0.463791251183,0.477455197421,0.493311435383,0.167611733079,0.170527423652
take-receive,5.08,0.437241252496,0.417197942734,0.410956929808,0.126792796063,0.133759453893
accept-acknowledge,6.88,0.366293893302,0.363542020321,0.429597939825,0.127060279005,0.137930318713
decide-choose,8.87,0.389689468723,0.396809250116,0.419797728086,0.110077052419,0.165638640523
accept-believe,6.75,0.467797400487,0.425054728985,0.428319811821,0.0838071007959,0.135459460942
keep-possess,8.27,0.143969991444,0.12891314202,0.0989486559599,0.00428291969001,-0.0325859600408
roam-wander,8.83,0.33713435156,0.115066594783,0.203035870556,0.0166262379513,-0.0124113231844
succeed-fail,0.83,0.290927708149,0.246808543801,0.388883262873,0.203477784991,0.184055656195
spend-save,0.55,0.312275290489,0.283512949944,0.304822653532,0.0774712786078,0.0950964987278
leave-go,7.63,0.552846848965,0.542252356738,0.576207433713,0.261988431215,0.25200071907
come-attend,8.1,0.208241909742,0.215646088123,0.169990966916,0.0225823651999,0.0119776176289
know-believe,5.5,0.443491157501,0.493343800306,0.489898174399,0.13576772809,0.192721482678
gather-meet,7.3,0.277015136302,0.228030263068,0.223231953172,0.0201967922833,0.057573646307
make-earn,7.62,0.232338782967,0.249697193485,0.209371671081,0.0248245999008,0.0317631215469
forget-ignore,3.07,0.250293806213,0.248881310091,0.300394922495,0.0778908552462,0.0557905129541
multiply-add,2.7,0.156550655159,0.163595889639,0.283956276414,0.206918875208,0.198602867043
shrink-grow,0.23,0.130246810928,0.0766921954384,0.20342984518,0.119908518786,0.139753596753
arrive-leave,1.33,0.370288036483,0.366598562408,0.362891389476,0.1123289995,0.0826125890017
succeed-try,3.98,0.198774591088,0.193426847458,0.215993909001,0.0645344927907,0.0878024995327
accept-deny,1.75,0.250380709745,0.260714887295,0.266858653239,0.0790574958187,0.042695483875
arrive-come,7.05,0.338632126965,0.329090535641,0.264663384239,-0.0136783280181,0.024232879281
agree-differ,1.05,0.263888285392,0.285293102264,0.318884898358,0.139666229486,0.105395159447
send-receive,1.08,0.470659433047,0.492324531993,0.497735083103,0.162982011615,0.153932791479
win-dominate,5.68,0.171378876053,0.0573072020595,0.0782393338227,0.00932031963021,-0.0310509186001
add-divide,2.3,0.241528197618,0.200279501097,0.172398790717,-0.00514501100406,0.00415364842086
acquire-get,8.82,0.248179047974,0.254955768585,0.162185633909,-0.0279340853801,-0.0392939755969
participate-join,7.7,0.46656230092,0.471434323277,0.422719384594,0.0890331097861,0.071393661201
leave-remain,2.53,0.412754148245,0.42477242952,0.412933612641,0.135836197634,0.129102602112
go-enter,4,0.453032133164,0.412148188097,0.41564899683,0.127196401096,0.103946274754
take-carry,5.23,0.389691823107,0.413768023252,0.352819192073,0.0972576720868,0.0345063768327
forget-learn,1.18,0.156877532601,0.189393084609,0.187437295914,0.0625288262963,0.0553249228194
appoint-elect,8.17,0.46279830184,0.438210286115,0.470854429654,0.09312480703,0.0845269411802
engage-marry,5.43,0.245238989308,0.23959711194,0.232828585247,0.039219847424,0.0409526191652
ask-pray,3.72,0.202890676432,0.254411146308,0.271124598846,0.121971830365,0.0436839349568
go-send,3.75,0.395109408802,0.419149617058,0.394839137793,0.118507572292,0.126428775574
take-deliver,4.37,0.301706570489,0.290523320436,0.237557546788,-0.0136480069472,0.0267165787518
speak-hear,3.02,0.363646856764,0.362574628745,0.435438990593,0.222625000633,0.190092053419
analyze-evaluate,8.03,0.333040078516,0.343156963587,0.381761342287,0.142776533961,0.0722412976931
lose-keep,1.05,0.24669149518,0.208722184148,0.255285069661,0.090981175958,0.0741272165851
compare-analyze,8.1,0.280275400844,0.172859728336,0.292438315895,0.113191904045,0.100636005402
go-allow,3.62,0.33713632822,0.349868586652,0.430293351412,0.248460665253,0.285946041346
take-possess,7.2,0.220935549848,0.209717616439,0.159151609641,-0.00453488183229,-0.011994601011
learn-listen,3.88,0.223829332134,0.224133345588,0.250485449972,0.0908169414619,0.0776343476612
destroy-construct,0.92,0.314440965652,0.280143976212,0.249159246683,0.0266573876143,0.0175231620669
create-build,8.48,0.553688817777,0.547503888607,0.513026893139,0.148337244987,0.203359177308
steal-buy,1.13,0.238991618813,0.329697807413,0.273000630498,0.0664168859373,0.0383370384075
kill-hang,4.45,0.11125112325,0.0497866116337,0.0534982122481,-0.0153751540929,-0.0182738240524
forget-know,0.92,0.209384784102,0.227649255255,0.21940502342,0.0745462402701,0.00755175201531
create-imagine,5.13,0.0712402313948,0.063777551055,0.0312269777046,-0.0289710201323,-0.0272591318935
do-happen,4.23,0.306315172095,0.33255559206,0.371221951915,0.227824956179,0.170607070363
win-accomplish,7.85,0.0547421090305,0.0621208660531,0.0500267781317,0.0368486189129,-0.0264202465218
give-deny,1.43,0.136908196623,0.202018204211,0.123282946544,-0.0021215383694,-0.046716688182
deserve-earn,5.8,0.151024502699,0.130231522336,0.16674266258,0.0343043249016,0.0547983376441
get-put,1.98,0.522467496689,0.531029760838,0.567624628544,0.239468647774,0.23598985374
locate-find,8.73,0.251117929883,0.337902486324,0.305050808492,0.115466869799,0.102774880826
appear-attend,6.28,0.261489808559,0.218722715974,0.158584524224,0.00833643600345,-0.0550400912762
know-comprehend,7.63,0.00588394049555,0.10180067271,0.042839317342,0.00342873460613,-0.00943327322602
pretend-imagine,8.47,0.0530845820904,0.12294100225,0.131674147745,0.0279273688793,0.0899701789021
satisfy-please,7.67,0.152937874198,0.129973575473,0.163676321507,-0.0236245449632,0.103850707412
argue-differ,5.15,0.190243598237,0.130051091313,0.119710348231,0.0172802824527,-0.059206485552
overcome-dominate,6.25,0.0156393507504,0.0276349168271,-0.0573816600512,-0.100629068911,-0.0810005266071
behave-obey,7.3,0.109524002316,0.124560140047,0.125311598219,0.0507358224077,-0.000672523088792
cooperate-participate,6.43,0.29066374898,0.183480482309,0.214542235678,0.00318600982428,-0.00253938875396
achieve-try,4.42,0.212714031339,0.205253794789,0.325944592115,0.229799747467,0.217789843678
fail-discourage,3.33,0.0998742729425,0.102457866073,0.104458915656,-0.0339220538735,0.0744871273637
begin-quit,1.28,0.283069359247,0.275087879603,0.240591065217,-0.000613054762814,0.0374768733964
say-participate,3.82,0.180983409286,0.198717698455,0.100198289764,-0.0473463051021,-0.06459543854
come-bring,2.42,0.55296254158,0.536312314052,0.530644655228,0.10910175646,0.129313394427
declare-announce,9.08,0.232245934873,0.238692536276,0.26344203949,0.00237644035564,0.0620576925048
read-comprehend,4.7,-0.0536318150022,0.0879579782486,0.0536863207817,0.0383345306914,0.0663157254457
take-leave,2.47,0.559445593324,0.5812212728,0.608472907038,0.281436575566,0.269832670689
proclaim-announce,8.18,0.247182667087,0.266967670141,0.308071993819,0.10209877789,0.00520167654922
acquire-obtain,8.57,0.419415081705,0.467509657145,0.386410140181,0.0502319179614,0.0192976947874
conclude-decide,7.75,0.175746719584,0.145122006536,0.153579887321,-0.0205951333046,0.050920511837
please-plead,2.98,-0.0262624522313,-0.0251319985837,-0.0013004229404,0.00930949859321,0.0390729913501
argue-prove,4.83,0.198617246665,0.0789355114102,0.121631778777,0.0292191188782,-0.0185261361168
ask-plead,6.47,0.166362702792,-0.0485892109573,0.100761055946,0.103287174004,0.0131141363444
find-disappear,0.77,0.0468429774046,0.0726641981402,0.0777055592957,0.0340522324474,0.0388705283403
inspect-examine,8.75,0.0566456660157,0.222153961658,0.176170472731,0.0730536729097,0.0427091853071
verify-justify,4.08,0.250904455835,0.176571498905,0.284090561623,0.0140122593351,0.186683800023
assume-predict,4.85,0.174747090027,0.082238048315,0.137589259435,0.0177418805058,0.0335955061018
learn-evaluate,4.17,0.148942572004,0.189692512155,0.193492919207,0.110070802271,0.0522315700672
argue-justify,5,0.114516004295,0.0757305890757,0.0903506692826,0.0527853736451,-0.0384031184556
make-become,4.77,0.49597376513,0.473944753408,0.45680809021,0.185074042384,0.179888210283
discover-originate,4.83,0.0361879675798,0.0361425488378,0.0348579941605,0.0260554570705,-0.0166721084472
achieve-succeed,7.5,0.152180626988,0.128323420882,0.11169809103,0.00186881469563,-0.00693473638967
give-put,3.65,0.497184485197,0.46773177193,0.464333057404,0.128788053989,0.0812827099134
understand-listen,4.68,0.314752451807,0.235182017971,0.298673320133,0.0719509038984,0.105326705854
expand-grow,8.27,0.42421754743,0.413138593026,0.4275793092,0.143626698472,0.127421163167
borrow-sell,1.73,0.0960822088171,0.106959672933,0.126815676689,0.0181853071192,0.0734616518021
keep-protect,5.4,0.424221277237,0.48074641709,0.411587346981,0.109605029225,0.0820117492683
explain-prove,4.1,0.36090554129,0.379664033651,0.324866971389,0.0421985859989,0.00845085693603
assume-pretend,3.72,0.123367674551,0.139138028026,0.13285925797,-0.0338587408578,0.061647631228
agree-please,4.13,0.169593647122,0.206898316741,0.191079393029,0.0930941179395,0.0119254430756
forgive-forget,3.92,0.21642164886,0.132478342352,0.28354072171,0.131880172007,0.14074923937
clarify-explain,8.33,0.220693616312,0.190332106908,0.208773185757,0.0424307957292,0.0349410714244
understand-forgive,4.87,0.167597040534,0.0298129039035,0.110268030103,0.039622778572,0.0279056614134
remind-forget,0.87,0.0194052699953,0.160869533471,0.167642384768,0.0542353945515,0.118776626885
get-remain,1.6,0.290463511999,0.281886752619,0.203644052148,-0.00977270770818,-0.0109874689952
realize-discover,7.47,0.195309087634,0.281180394818,0.224259628311,-0.0284199489456,0.076523406622
ignore-ask,1.07,0.207854817254,0.293762641773,0.196512252092,-0.0295595786458,-0.0461571979412
reject-avoid,4.78,0.117535241838,0.160510201515,0.075606717097,-0.00835189366203,-0.0799787443889
argue-persuade,6.23,0.0464353226125,-0.00411763532416,0.0825055837631,0.0740929066594,0.0778817161918
pursue-persuade,3.17,0.076417081058,0.131273300203,0.142797261477,0.0841551696751,0.0614950172004
accept-forgive,3.73,0.178669744293,0.0411514403612,0.0998982146504,-0.0264946355525,0.0397068858147
do-quit,1.17,0.16763061285,0.120927430689,0.1528671773,0.0753865391016,0.0698511004448
investigate-examine,8.1,0.447257167428,0.431608378887,0.446849590915,0.120093718171,0.0921609142827
discuss-explain,6.67,0.229962183831,0.218863502145,0.191391438246,0.0295317545533,0.00183156958522
explore-discover,8.48,0.326675236225,0.372095845467,0.394099265337,0.149652698615,0.118356890976
complain-argue,4.8,0.118488706648,0.0784081797709,0.167414436782,0.0763382539153,0.106305467331
withdraw-reject,6.38,0.13228559494,0.206508422674,0.120152228158,-0.0256191395592,-0.0256748754933
keep-borrow,2.25,0.0598856693438,0.0661767090068,0.000402405125326,-0.0299015361816,-0.0952429437927
beg-ask,6,0.20280126946,0.0978515818715,0.183884724975,0.0664924457669,0.0441851381472
arrange-organize,8.27,0.199779239284,0.249528914606,0.247507705987,0.0285137851255,0.0958989078878
reduce-shrink,8.02,0.0359036065638,0.0924876964078,0.0747878000014,0.0574305054504,-0.00996086340164
speak-acknowledge,4.67,0.122610554099,0.23143710196,0.164286042111,0.0282590705901,0.00248683034442
give-borrow,2.22,0.0893368029199,0.179996650219,0.0835045725107,0.0208109542727,-0.101597939622
kill-defend,2.63,0.205898781908,0.206126001842,0.171570608429,0.0261084511876,0.00941001660913
disappear-shrink,5.8,0.141996771097,0.135339782875,0.142692723435,0.0188463117985,0.000625079069291
deliver-carry,3.88,0.383312642574,0.464378297329,0.380495041609,0.0455288998783,0.0186186153442
acknowledge-notify,5.3,0.0520761081324,0.110848717391,0.111603415704,-0.0528046488762,0.130488746195
become-seem,2.63,0.215788166617,0.242905810475,0.234324290414,0.112269087108,0.119914084673
pretend-seem,4.68,0.0591650940478,0.0740023255348,0.0876138381592,0.053987622261,0.0418914929032
accomplish-become,4,-0.0474226978329,-0.0657550465161,-0.166584521532,-0.149359121919,-0.155150592327
determine-predict,5.8,0.403746634722,0.349059075117,0.360716066403,0.042379450053,0.0745624005795
please-entertain,5,0.0545346662402,0.0648484453559,0.0515801036751,-0.00740079255775,0.00224973470904
remain-retain,5.75,0.406585300361,0.443815834067,0.429153829813,0.125922873616,0.106152878335
pretend-portray,7.03,0.0873545482755,0.0262783539312,0.122691281415,0.0300770997302,0.128791242838
forget-retain,0.63,0.133503594011,0.0544329467078,0.0258036516607,-0.102370433509,-0.0251991871982
want-choose,4.78,0.36298879981,0.428446050194,0.442362460949,0.206128120422,0.193283599215
lose-get,0.77,0.353868943914,0.326134194501,0.364841610193,0.141211047769,0.113225957136
try-think,2.62,0.364779821919,0.350658714771,0.392097162258,0.158384412527,0.157934719797
become-appear,4.77,0.345537167256,0.358144104481,0.325334389528,0.108196480059,0.109271414578
leave-ignore,4.42,0.117644615033,0.151917016392,0.123924650188,-0.0075716003632,0.0272533281295
accept-recommend,2.75,0.204193731643,0.133571788669,0.164302662015,0.0458485615732,0.0014357289765
leave-wander,3.57,0.0452627502382,0.135628073141,0.0965606742908,0.0362223908305,0.0298175664464
keep-give,1.05,0.469013005495,0.471309628643,0.440358188174,0.0876218058241,0.0806446496036
give-allow,5.15,0.517333269119,0.479590413522,0.515436172485,0.184423904683,0.188559319887
bring-send,2.97,0.457799640763,0.455170157244,0.357445240021,-0.0256492967875,-0.0265190148674
absorb-learn,5.48,0.151677975159,0.135601371527,0.169485270977,0.0664412418867,0.080377496779
acquire-find,6.38,0.264329449196,0.3028241992,0.192895796472,-0.0163581287925,-0.0324495323002
leave-appear,0.97,0.282417625189,0.284502710759,0.222358044667,0.0388642325997,0.0113360877605
create-destroy,0.63,0.330585867167,0.295508205891,0.282192081213,0.0545297041535,0.0999069064856
begin-go,7.42,0.373428545799,0.388207965386,0.380406990003,0.122464708833,0.14119572289
get-buy,5.08,0.475834399462,0.444718331099,0.453823086847,0.150870162352,0.183717839871
collect-save,6.67,0.289964616299,0.243055255049,0.220016881824,0.00398747064173,0.0238854539978
replace-restore,5.73,0.329923968333,0.302906978304,0.248983904719,-0.0195796329034,-0.00426992629976
join-add,8.1,0.271385133266,0.232975883243,0.188682675362,0.0124045021775,-0.0141033929797
join-marry,5.35,0.374132096767,0.339811702955,0.337616682053,0.0895246639848,0.0734360261819
accept-deliver,1.58,0.25538703735,0.274225115776,0.201780870557,-0.031951375222,-0.0104135647416
attach-join,7.75,0.0948166233192,-0.0195277698802,-0.031091343602,-0.115030965511,-0.0390120707452
put-hang,3,0.107898339629,0.0863461866975,0.0577087886631,-0.0204665586352,-0.0365007556975
go-sell,0.97,0.338356107473,0.349069553725,0.368340015411,0.185736574443,0.135770782828
communicate-pray,3.55,0.0410224149241,0.0271326561798,0.0639219096946,0.0224048503375,0.0567032806575
give-steal,0.5,0.124811284233,0.229071763643,0.12816865016,-0.0225594411081,-0.02807896919
add-build,4.92,0.352342384774,0.347615143515,0.293432921171,0.0598441660404,0.0413881590135
bring-restore,2.62,0.29552265459,0.316178836367,0.275449365377,-0.00263678321499,0.0365707815247
comprehend-satisfy,2.55,0.0673834830523,0.00212022592314,0.116918928921,0.090756483376,0.0935504734516
portray-decide,1.18,-0.00110197504566,0.0900190079224,-0.00707442639396,-0.0207163598388,-0.0843635972576
organize-become,1.77,0.0891192342256,-0.00826557917334,0.00410581963395,-0.0369035362842,-0.0328955132712
give-know,0.88,0.286378830671,0.365884325855,0.331695665818,0.106558471918,0.0698716756625
say-verify,4.9,0.0623539984226,0.121191173792,0.0774254248992,-0.00278356368653,0.0139285987243
cooperate-join,5.18,0.233241230249,0.125611096693,0.163158873508,0.0539830284705,-0.0429031315686
arrange-require,0.98,0.0721929488893,0.084647360104,0.0562701854867,-0.0379232712342,0.0133940602787
borrow-want,1.77,0.0313501376718,0.0671399573767,0.0688612725652,0.0775174665472,-0.0145035116002
investigate-pursue,7.15,0.102012373507,0.188107874281,0.0981963947415,-0.00488688965585,-0.0333201214671
ignore-explore,0.4,0.119408987129,0.136955284295,0.0733441859484,-0.0506343089422,-0.0406364301226
bring-complain,0.98,-0.0177281983197,0.0344663428088,-0.00510129642345,-0.0366965861086,0.00855459789512
portray-notify,0.78,0.061911728198,0.0830265109555,0.0415689386427,-0.00837059412152,-0.0452943460994
remind-sell,0.4,0.0454320833087,-0.00218975308324,0.0216345116496,0.00867948670781,-0.00237724371254
absorb-possess,5,0.0899485307871,0.111616410315,0.0823153182864,-0.0128956286472,0.00863275914685
join-acquire,2.85,0.196807336617,0.217407284224,0.122361674748,-0.0417791120708,-0.0531043250089
send-attend,1.67,0.281216608358,0.303486847462,0.252139166125,0.0385690130931,0.0312206801062
gather-attend,4.8,0.153861353031,0.159515246749,0.111572688707,-0.0298536232772,0.00325393723324
absorb-withdraw,2.97,0.159084567969,0.136169516216,0.140602037311,-0.00128787363865,0.0329727604985
attend-arrive,6.08,0.228137849458,0.217381298542,0.176873556003,-0.00889120716602,0.0107164668719
