Wordpair,GoldSimilarity,WW,CC,BB,RW0W1,RW1W0,RC0C1,RC1C0
old-new,1.58,0.618152737617,0.119693137073,0.50797392276,10001,10001,10001,10001
smart-intelligent,9.2,0.886939995703,0.502738267347,0.788253732677,2228,2423,10001,10001
hard-difficult,8.77,0.877635836601,0.0903999764204,0.694645509459,1673,1131,10001,10001
happy-cheerful,9.55,0.854139429824,-0.224646183891,0.371255156918,7131,6540,10001,10001
hard-easy,0.95,0.875123672195,-0.122530691178,0.462066844109,1618,1250,10001,10001
fast-rapid,8.75,0.811299253184,-0.320941109713,0.374865635974,10001,10001,10001,10001
happy-glad,9.17,0.835075855255,-0.114204757559,0.405643848061,1755,10001,10001,10001
short-long,1.23,0.866572193299,0.120864979923,0.151304609738,326,562,10001,10001
stupid-dumb,9.58,0.959087431431,-0.190922230482,0.340860512701,61,40,10001,10001
weird-strange,8.93,0.971026241779,0.310387070844,0.58261289912,22,37,10001,10001
wide-narrow,1.03,0.85073953867,-0.0891142689654,0.600672843447,7007,1680,10001,10001
bad-awful,8.42,0.94030267356,-0.108375272654,0.160860612237,61,271,10001,10001
easy-difficult,0.58,0.95505910844,0.168214778198,0.728996326063,14,12,10001,10001
bad-terrible,7.78,0.966918643346,-0.140517205,0.366855748289,9,22,10001,10001
hard-simple,1.38,0.816646814346,-0.32797966337,0.586984082378,10001,8389,10001,10001
smart-dumb,0.55,0.805328845978,0.00956650078297,0.357222811034,10001,10001,10001,10001
insane-crazy,9.57,0.840281357782,0.38580840826,0.584679761853,9534,10001,10001,10001
happy-mad,0.95,0.893025636673,0.325535905233,0.362461087651,3674,1955,10001,10001
large-huge,9.47,0.918996105314,0.0700349104425,0.470655088861,60,95,10001,10001
hard-tough,8.05,0.940307792444,0.346209448124,0.729208206147,62,17,10001,10001
new-fresh,6.83,0.744668126106,-0.387092815291,0.283592112086,10001,10001,10001,10001
sharp-dull,0.6,0.914386332035,-0.053123190999,0.486836323501,1202,493,10001,10001
quick-rapid,9.7,0.799505996675,-0.0173263560132,0.434172813852,10001,9333,10001,10001
dumb-foolish,6.67,0.919169957588,0.317331075668,0.730779630787,676,1154,10001,10001
wonderful-terrific,8.63,0.932622857973,-0.114618487656,0.492953234649,55,192,10001,10001
strange-odd,9.02,0.891310453415,-0.127674892864,0.383796844896,373,2744,10001,10001
happy-angry,1.28,0.933230876923,0.23553270274,0.59281548119,837,226,10001,10001
narrow-broad,1.18,0.905242377832,0.154954060912,0.557716227129,829,1270,10001,10001
simple-easy,9.4,0.79874156706,0.412270749347,0.748545543035,10001,10001,10001,10001
old-fresh,0.87,0.508298635483,-0.342724572745,0.188903791229,10001,10001,10001,10001
apparent-obvious,8.47,0.812271654606,-0.384304016829,0.323539745633,10001,4239,10001,10001
inexpensive-cheap,8.72,0.957210242748,0.301922750358,0.67043501388,43,41,10001,10001
nice-generous,5,0.769926607609,-0.499006748199,0.361662410736,10001,10001,10001,10001
weird-normal,0.72,0.757925450802,0.148498082071,0.253413819259,10001,10001,10001,10001
weird-odd,9.2,0.811354994774,0.333761384115,0.401457509024,6916,10001,10001,10001
bad-immoral,7.62,0.840841999104,-0.663269758224,0.1023029564,8825,10001,10001,10001
sad-funny,0.95,0.963838279247,0.167216723131,0.566297986557,25,9,10001,10001
wonderful-great,8.05,0.925054848194,0.0339428074658,0.55160323519,77,314,10001,10001
guilty-ashamed,6.38,0.86739195974,0.126353606582,0.487124735502,2176,462,10001,10001
beautiful-wonderful,6.5,0.910881752424,0.30096155405,0.524138192613,597,426,10001,10001
confident-sure,8.27,0.867304972846,-0.0763850332132,0.506004083118,1429,4624,10001,10001
dumb-dense,7.27,0.619659946005,-0.40280717032,0.150979176796,10001,10001,10001,10001
large-big,9.55,0.832870543003,0.119835845818,0.442453987269,5244,5173,10001,10001
nice-cruel,0.67,0.796142458916,0.364767670631,0.59530890352,10001,10001,10001,10001
impatient-anxious,6.03,0.890466928482,0.373555280354,0.723805545235,1440,3166,10001,10001
big-broad,6.73,0.861998072982,-0.238502322942,0.120988893414,5223,2154,10001,10001
strong-proud,3.17,0.709193110466,0.106542593631,0.424813524029,10001,10001,10001,10001
unnecessary-necessary,0.63,0.95301258564,-0.0554703879637,0.499612188059,32,56,10001,10001
restless-young,1.6,0.842069923878,-0.181137029461,0.282449551066,947,8797,10001,10001
dumb-intelligent,0.75,0.810446012643,0.364713094515,0.583796823011,10001,10001,10001,10001
bad-great,0.35,0.891868048422,-0.274659097195,0.440419845922,488,2669,10001,10001
difficult-simple,0.87,0.805265843868,0.640359597249,0.915976312443,10001,10001,10001,10001
necessary-important,7.37,0.720436811447,-0.583700095636,0.12492006115,10001,10001,10001,10001
bad-terrific,0.65,0.877955205562,0.0446131229401,0.412470507689,808,4258,10001,10001
mad-glad,1.45,0.666344285011,0.149879938371,0.110360657563,10001,10001,10001,10001
honest-guilty,1.18,0.712054533485,-0.651744484901,-0.160149645999,10001,10001,10001,10001
easy-tough,0.52,0.810381091879,0.431543197128,0.647538130673,10001,9926,10001,10001
easy-flexible,4.1,0.835329999645,-0.314106822014,0.335736921031,10001,5463,10001,10001
certain-sure,8.42,0.581802522051,-0.325500547886,0.270279633776,10001,10001,10001,10001
essential-necessary,8.97,0.915998697281,-0.199394383954,0.43807264985,519,475,10001,10001
different-normal,1.08,0.825173188756,-0.549421939219,0.128168510072,10001,5252,10001,10001
sly-clever,7.25,0.966799495625,-0.359440169301,0.359839020125,38,55,10001,10001
crucial-important,8.82,0.919646143913,-0.553990125656,0.100584014474,25,22,10001,10001
harsh-cruel,8.18,0.906750738621,0.443398084843,0.745182676511,1922,1408,10001,10001
childish-foolish,5.5,0.942570977517,-0.702089232331,-0.0193505621523,142,551,10001,10001
scarce-rare,9.17,0.86240313797,0.0857471427767,0.169344017698,4374,5412,10001,10001
friendly-generous,5.9,0.812801599503,-0.134856551886,0.233858060854,7581,3809,10001,10001
fragile-frigid,2.38,0.778055595044,-0.429504156113,0.269693950682,10001,10001,10001,10001
long-narrow,3.57,0.830517639549,-0.0173244439065,0.483209316635,10001,1569,10001,10001
big-heavy,6.18,0.832043111324,0.298454928306,0.362527800974,9865,5362,10001,10001
rough-frigid,2.47,0.887436694656,-0.272507876158,0.260764362657,698,4290,10001,10001
bizarre-strange,9.37,0.976751744747,0.434658698399,0.723567881876,11,20,10001,10001
illegal-immoral,4.28,0.829675793648,0.00141810625792,0.554620266142,10001,10001,10001,10001
bad-guilty,4.2,0.669709543568,0.308195620775,0.392898321711,10001,10001,10001,10001
modern-ancient,0.73,0.896432876587,-0.113021216573,0.35442600149,496,410,10001,10001
new-ancient,0.23,0.656625747681,0.12048418021,0.559536525584,10001,10001,10001,10001
dull-funny,0.55,0.874246895313,-0.154671576062,0.321072051502,3333,5750,10001,10001
happy-young,2,0.672746419907,-0.267654891573,0.0479562563146,10001,10001,10001,10001
easy-big,1.12,0.71997807741,0.563926611181,0.72544420984,10001,10001,10001,10001
great-awful,1.17,0.879762246637,-0.40132036217,0.265658666661,1052,805,10001,10001
tiny-huge,0.6,0.831484457077,-0.0861518508882,0.518758112708,3779,10001,10001,10001
polite-proper,7.63,0.722556677169,0.138659670949,0.496581826624,10001,10001,10001,10001
modest-ashamed,2.65,0.444591737438,0.596530497074,0.318414157879,10001,10001,10001,10001
exotic-rare,8.05,0.912044400695,0.224042637589,0.317745674819,453,618,10001,10001
dumb-clever,1.17,0.939811583746,0.354961961508,0.691880329087,366,331,10001,10001
delightful-wonderful,8.65,0.968861464398,0.347615480423,0.615844322905,13,32,10001,10001
noticeable-obvious,8.48,0.905456792658,-0.274594843388,0.0388499883369,797,445,10001,10001
afraid-anxious,5.07,0.921374678612,-0.566558591538,0.222267962509,354,96,10001,10001
formal-proper,8.02,0.927728644339,0.257460922003,0.68688716229,112,204,10001,10001
dreary-dull,8.25,0.883042693138,0.488406777382,0.565640473057,4329,1439,10001,10001
delightful-cheerful,6.58,0.946775496006,0.0608139783144,0.479278644096,297,223,10001,10001
unhappy-mad,5.95,0.887112498283,-0.846709269677,0.00523438480851,4523,1839,10001,10001
sad-terrible,5.4,0.926855500153,0.0274707840366,0.539819219793,268,248,10001,10001
sick-crazy,3.57,0.841263225154,-0.0522296503186,0.31194342456,9314,6004,10001,10001
violent-angry,6.98,0.820208002341,-0.203959447381,0.559696414501,10001,10001,10001,10001
laden-heavy,5.9,0.92969853524,0.0794708932077,0.491567538862,147,91,10001,10001
dirty-cheap,1.6,0.860048174858,0.336001267195,0.696298707449,10001,8137,10001,10001
elastic-flexible,7.78,0.93119853735,0.082332842052,0.6574481259,816,1406,10001,10001
hard-dense,5.9,0.639926655301,0.292967265006,0.63105497798,10001,10001,10001,10001
recent-new,7.05,0.688105404377,-0.138717540426,0.380183157488,10001,10001,10001,10001
bold-proud,3.97,0.601675570011,0.0043734293431,0.0899747245856,10001,10001,10001,10001
sly-strange,1.97,0.927990317345,-0.140643606897,0.359382054579,639,823,10001,10001
strange-sly,2.07,0.927990317345,-0.140643606897,0.359382054579,823,639,10001,10001
dumb-rare,0.48,0.729348301888,-0.0353560357008,0.387488040194,10001,10001,10001,10001
sly-tough,0.58,0.843285372453,0.0808667040904,0.438415358201,5060,9173,10001,10001
terrific-mad,0.4,0.842049855942,0.342679608741,0.62101384028,10001,2661,10001,10001
modest-flexible,0.98,0.867884337902,-0.0524039641023,0.515859345486,10001,995,10001,10001
fresh-wide,0.4,0.775095939636,-0.160915572752,0.499015954288,10001,10001,10001,10001
huge-dumb,0.48,0.684627689764,0.263504312247,0.536290656648,10001,10001,10001,10001
large-flexible,0.48,0.835737526417,-0.583036661148,0.126037994963,10001,4744,10001,10001
dirty-narrow,0.3,0.740711569786,0.32309654355,0.680028948859,10001,10001,10001,10001
wife-husband,2.3,0.962138352522,0.484391512347,0.731015783933,10,35,10001,10001
book-text,6.35,0.631545587594,-0.149381175637,0.412624493595,10001,10001,10001,10001
groom-bride,3.17,0.980162024498,-0.251682236891,0.427549823824,0,0,10001,10001
night-day,1.88,0.943001982153,-0.139865115285,0.49465307851,7,6,10001,10001
south-north,2.2,0.998482763677,0.152011093857,0.670778350816,1,0,10001,10001
plane-airport,3.65,0.697688221931,-0.325335283597,-0.143518632829,10001,10001,10001,10001
uncle-aunt,5.5,0.982810022496,0.531544387341,0.853351096942,11,9,10001,10001
horse-mare,8.33,0.763726592064,-0.0639392435551,0.45150224306,8482,10001,10001,10001
bottom-top,0.7,0.868392825127,0.316116303205,0.0420152015996,228,120,10001,10001
friend-buddy,8.78,0.817654956439,0.27014964819,0.733347479331,3604,7660,10001,10001
student-pupil,9.35,0.729035345201,0.23085270822,0.542466914555,6092,10001,10001,10001
world-globe,6.67,0.85863654963,-0.265355155787,0.0635940675008,2359,1026,10001,10001
leg-arm,2.88,0.737158044407,0.190777331591,0.000210206584319,10001,6384,10001,10001
plane-jet,8.1,0.807829785814,-0.414330149551,0.180199013287,10001,10001,10001,10001
woman-man,3.33,0.980035125019,0.2170428018,0.494373987123,0,0,10001,10001
horse-colt,7.07,0.778791308403,0.15705807507,0.397459495145,10001,10001,10001,10001
actress-actor,7.12,0.996104955673,0.348333138426,0.758024385324,0,0,10001,10001
teacher-instructor,9.25,0.899426460266,0.253742918595,0.481710601339,111,233,10001,10001
movie-film,8.87,0.964761376381,0.011072434485,0.283195630523,3,2,10001,10001
bird-hawk,7.85,0.878058999048,-0.0174678880721,0.576321911324,7688,4422,10001,10001
word-dictionary,3.68,0.859471380711,-0.320794373751,0.334557476387,1050,2189,10001,10001
money-salary,7.88,0.900178790092,0.33008813858,0.617782225697,121,419,10001,10001
dog-cat,1.75,0.955233514309,0.00961975824895,0.631425567761,79,35,10001,10001
area-region,9.47,0.899621480681,-0.595268011093,0.0412605950507,618,424,10001,10001
navy-army,6.43,0.873875863917,0.468691619117,0.674597877116,597,783,10001,10001
book-literature,7.53,0.662197351456,0.355752259493,-0.0199448965617,10001,10001,10001,10001
clothes-closet,3.27,0.865647784808,-0.382724695368,0.433302565602,5767,4285,10001,10001
sunset-sunrise,2.47,0.986713349027,-0.273548351142,0.41139560213,0,0,10001,10001
child-adult,2.98,0.770247028485,0.432417835737,0.526723296373,10001,10001,10001,10001
cow-cattle,9.52,0.823419749737,-0.562678515911,-0.0395664354164,7596,10001,10001,10001
book-story,5.63,0.873671472073,-0.584689557552,-0.171187418893,558,522,10001,10001
winter-summer,2.38,0.942859355041,0.297934192296,0.631840162714,5,4,10001,10001
taxi-cab,9.2,0.892013145445,0.0400248827055,0.422318298003,867,298,10001,10001
tree-maple,5.53,0.85585641861,-0.0177089114363,0.460788343976,10001,9931,10001,10001
bed-bedroom,3.4,0.906701553667,0.047315838773,0.543238214739,202,1004,10001,10001
roof-ceiling,7.58,0.957152312141,-0.177522029133,0.357995964523,57,69,10001,10001
disease-infection,7.15,0.961587011814,0.576933333508,0.591521647049,71,13,10001,10001
arm-shoulder,4.85,0.926511223704,-0.117330349982,0.377539377832,80,75,10001,10001
sheep-lamb,8.42,0.880262374878,-0.281350519496,0.153547616287,8883,2369,10001,10001
lady-gentleman,3.42,0.956260916964,-0.304187554371,0.164468217853,2,9,10001,10001
boat-anchor,2.25,0.829227507114,-0.143481090665,0.486440381101,5851,5171,10001,10001
priest-monk,6.28,0.932301163673,0.343978932141,0.523047154249,47,33,10001,10001
toe-finger,4.68,0.92722385688,-0.323080033064,0.315252222638,491,122,10001,10001
river-stream,7.3,0.761421978474,0.00244184583426,0.32809024129,10001,10001,10001,10001
anger-fury,8.73,0.923172762772,0.137816556562,0.645419744014,296,631,10001,10001
date-calendar,4.42,0.778236236783,0.222404107451,0.317057970397,1710,1348,10001,10001
sea-ocean,8.27,0.77882951498,0.183644603708,0.602088571132,10001,8498,10001,10001
second-minute,4.62,0.882446720308,-0.653745871336,0.0882524700022,160,375,10001,10001
hand-thumb,3.88,0.529440108471,-0.234748750925,0.00490563282485,10001,10001,10001,10001
wood-log,7.3,0.515063047409,-0.520637571812,-0.170868661137,10001,10001,10001,10001
mud-dirt,7.32,0.898312580787,0.15674225986,0.467608981634,992,2469,10001,10001
hallway-corridor,9.28,0.873276874218,0.0999543487971,0.554995955237,2553,1693,10001,10001
way-manner,7.62,0.827506710738,0.311620973155,0.556055294836,10001,6114,10001,10001
mouse-cat,1.12,0.858303487301,0.149603793001,0.453962706475,7675,10001,10001,10001
cop-sheriff,9.05,0.613831841121,-0.00588348915479,0.364230750047,10001,10001,10001,10001
death-burial,4.93,0.509701699597,-0.303927719593,-0.133649514677,10001,10001,10001,10001
music-melody,6.98,0.770821273327,0.400258386151,0.583663399087,10001,10001,10001,10001
beer-alcohol,7.5,0.681813676249,0.258917674954,0.419571655655,10001,10001,10001,10001
mouth-lip,7.1,0.762616634369,-0.0392882055468,0.307358323033,10001,10001,10001,10001
storm-hurricane,6.38,0.897723019123,0.0183634992459,0.539263977121,43,240,10001,10001
tax-income,2.38,0.941798445094,-0.358226618661,0.249372480334,23,164,10001,10001
flower-violet,6.95,0.941350880781,0.0174241922796,0.432180505902,1358,194,10001,10001
paper-cardboard,5.38,0.740105123507,-0.0142069291323,0.497143089273,10001,10001,10001,10001
floor-ceiling,1.73,0.902693462051,0.235272973776,0.571467479611,1784,127,10001,10001
beach-seashore,8.33,0.787830042114,0.278537541628,0.512679222528,10001,10001,10001,10001
rod-curtain,3.03,0.905240768507,0.0417486727238,0.454487405759,515,3837,10001,10001
hound-fox,2.38,0.915091991425,0.510730324897,0.812019234845,889,602,10001,10001
street-alley,5.48,0.894109123594,0.0157527094783,0.320728308391,501,575,10001,10001
boat-deck,4.28,0.952435195446,-0.0523206144571,0.605668978583,49,23,10001,10001
car-horn,2.57,0.786823153496,-0.26297374147,0.282550030564,10001,10001,10001,10001
friend-guest,4.25,0.617489351927,-0.586171006332,0.21731585746,10001,10001,10001,10001
employer-employee,3.65,0.93386441075,0.119854852251,0.449936427735,36,36,10001,10001
hand-wrist,3.97,0.83827248304,-0.201205477118,0.427084266544,4079,3673,10001,10001
ball-cannon,2.58,0.895756721497,-0.608174622059,-0.0327321201131,1106,431,10001,10001
alcohol-brandy,6.98,0.757885053284,-0.300922435467,0.326530536648,10001,10001,10001,10001
victory-triumph,8.98,0.832997918129,-0.0219250135124,0.638414012706,1331,2006,10001,10001
telephone-booth,3.63,0.891182833384,-0.571095943451,0.166372893809,656,1882,10001,10001
door-doorway,5.4,0.90172387341,0.381525539251,0.458979049346,636,181,10001,10001
motel-inn,8.17,0.845959048982,-0.516433892675,0.129862670582,2742,3510,10001,10001
clothes-cloth,5.47,0.868144571781,0.191462155668,0.576389299108,10001,3992,10001,10001
steak-meat,7.47,0.904684603214,-0.202136442065,0.31000387759,3738,4314,10001,10001
nail-thumb,3.55,0.700820010949,0.390439987183,0.36297465453,2885,10001,10001,10001
band-orchestra,7.08,0.850209286821,-0.225206005549,0.407598872845,1607,1728,10001,10001
book-bible,5,0.841215193272,0.446864306927,0.174754823724,5114,1764,10001,10001
business-industry,7.02,0.958315548796,-0.714803729677,0.155797251658,13,12,10001,10001
winter-season,6.27,0.760898723549,0.553821656336,0.606684369788,7769,4565,10001,10001
decade-century,3.48,0.766400484276,-0.473427174892,-0.0157093486069,2666,1788,10001,10001
alcohol-gin,8.65,0.640238089533,0.257414177502,0.447350178219,10001,10001,10001,10001
hat-coat,2.67,0.630963899551,-0.300939637479,0.21046824127,10001,10001,10001,10001
window-door,3.33,0.950843101639,0.277534455061,0.454318251096,4,29,10001,10001
arm-wrist,3.57,0.931372332222,0.156599730253,0.499232407517,113,53,10001,10001
house-apartment,5.8,0.963514626026,-0.191447731343,0.294007833408,4,1,10001,10001
glass-crystal,6.27,0.935112420612,-0.216071233153,0.0544742121826,975,1016,10001,10001
wine-brandy,5.15,0.921149189541,-0.157350163776,0.492015867699,1030,376,10001,10001
creator-maker,9.62,0.739406466484,0.389614790678,0.593227379847,10001,10001,10001,10001
dinner-breakfast,3.33,0.894823783328,0.116801992547,0.629566271348,503,350,10001,10001
arm-muscle,3.72,0.798848819801,0.343184351921,0.724882695316,10001,10001,10001,10001
bubble-suds,8.57,0.849038004875,0.0734091668373,0.427650336608,10001,10001,10001,10001
bread-flour,3.33,0.914356345794,-0.0978159217725,0.420744904538,804,2721,10001,10001
death-tragedy,5.8,0.835559586949,0.317457646132,0.226249248911,5986,873,10001,10001
absence-presence,0.4,0.884422673652,-0.0361487567425,0.536451659859,1301,209,10001,10001
gun-cannon,5.68,0.966906547546,-0.121934689947,0.469364526594,4,10,10001,10001
grass-blade,4.57,0.863268017769,0.00526404131782,0.432827456226,7760,9503,10001,10001
ball-basket,1.67,0.860864741905,-0.139805951107,0.40951654608,6341,1484,10001,10001
hose-garden,1.67,0.777488529682,-0.147755342454,0.410059269688,10001,10001,10001,10001
boy-kid,7.5,0.940869096466,-0.353980511427,0.323969109378,42,24,10001,10001
church-choir,2.95,0.80261439085,-0.548520684242,0.0719108376627,5361,5663,10001,10001
clothes-drawer,3.02,0.857534348965,-0.260966225805,0.189786921459,3089,5475,10001,10001
tower-bell,1.9,0.942856252193,0.443761825562,0.68180338344,60,131,10001,10001
father-parent,7.07,0.40119444735,-0.00266883522272,0.530805727242,10001,10001,10001,10001
school-grade,4.42,0.722134384855,-0.0191580690444,0.38248825297,10001,10001,10001,10001
parent-adult,5.37,0.685464005796,-0.0547778233886,0.196499762237,10001,10001,10001,10001
bar-jail,1.9,0.200275331736,-0.0750917345285,0.262338517972,10001,10001,10001,10001
car-highway,3.4,0.65124976635,-0.324186433803,0.26969220462,10001,10001,10001,10001
dictionary-definition,6.25,0.872088670731,-0.249623328425,0.300043442274,2046,637,10001,10001
door-cellar,1.97,0.852707854075,0.000823818147182,0.159049009853,7997,1275,10001,10001
army-legion,5.95,0.882941379196,-0.297161209414,0.22405188957,233,406,10001,10001
metal-aluminum,7.25,0.832520653756,0.116026222706,0.510494374566,10001,10001,10001,10001
chair-bench,6.67,0.762275846276,0.336015452622,0.469384512828,10001,8382,10001,10001
cloud-fog,6,0.74435321953,-0.143012010635,0.174926612918,10001,10001,10001,10001
boy-son,6.75,0.752181992065,0.55512034893,0.673404503441,10001,10001,10001,10001
water-ice,6.47,0.735264003277,-0.255577653646,0.255049699842,10001,10001,10001,10001
bed-blanket,3.02,0.736412970592,0.190586381028,0.457978109755,10001,10001,10001,10001
attorney-lawyer,9.35,0.962511599064,-0.231846912613,0.511648301065,16,2,10001,10001
area-zone,8.33,0.830148686775,0.355364859104,0.688370045383,2464,5914,10001,10001
business-company,9.02,0.792772876786,-0.0765986620427,0.357045921353,10001,10001,10001,10001
clothes-fabric,5.87,0.779863893986,-0.319674630146,0.44940159801,10001,10001,10001,10001
sweater-jacket,7.15,0.985753774643,0.338255723611,0.550957899598,1,0,10001,10001
money-capital,6.67,0.610687494278,-0.319022912921,0.312148086605,10001,10001,10001,10001
hand-foot,4.17,0.797036158862,0.29530698061,0.665806434456,6396,10001,10001,10001
alcohol-cocktail,6.73,0.651345652181,-0.327800651062,0.217976925309,10001,10001,10001,10001
yard-inch,3.78,0.784344004652,0.232162880044,0.287121444203,10001,7898,10001,10001
molecule-atom,6.45,0.952084657674,0.329462578361,0.672353526971,245,324,10001,10001
lens-camera,4.28,0.893512600274,-0.0363763325586,0.509001949552,1496,5055,10001,10001
meal-dinner,7.15,0.827941855438,0.193659212807,0.657130247975,3608,10001,10001,10001
eye-tear,3.55,0.774410155486,-0.0929013118148,0.406847423744,10001,10001,10001,10001
god-devil,1.8,0.842047383907,0.0993364512525,0.380318122591,8309,2953,10001,10001
loop-belt,3.1,0.885211043668,-0.875052034855,-0.023638463522,1864,1718,10001,10001
rat-mouse,7.78,0.90273971525,-0.17094679648,0.509213715756,4115,6125,10001,10001
motor-engine,8.65,0.930353764871,0.0344836119692,0.474352982048,426,197,10001,10001
car-cab,7.42,0.965571407608,-0.436203352952,0.34131595156,4,2,10001,10001
cat-lion,6.75,0.939993795156,0.105464369059,0.574846134776,127,222,10001,10001
size-magnitude,6.33,0.774751067162,0.084752785832,0.380473269005,2748,10001,10001,10001
reality-fantasy,1.03,0.9287981987,0.133275598288,0.43080345573,221,74,10001,10001
door-gate,5.25,0.928218245506,-0.182573616505,0.448106380259,200,38,10001,10001
cat-pet,5.95,0.881395220757,0.152296215296,0.576283618683,1508,3724,10001,10001
tin-aluminum,6.42,0.970957279205,0.172377884388,0.551404449645,5,15,10001,10001
bone-jaw,4.17,0.865196450376,-0.097146756947,0.644119587684,2031,10001,10001,10001
cereal-wheat,3.75,0.938428997993,-0.0793241235211,0.629352096096,277,202,10001,10001
house-key,1.9,0.583406140398,0.00503373578593,-0.220819777019,10001,10001,10001,10001
blood-flesh,4.28,0.857221952511,0.111566296909,0.464208948805,5654,7642,10001,10001
door-corridor,3.73,0.794568109189,-0.235404237235,0.370625214007,10001,6128,10001,10001
god-spirit,7.3,0.838960587978,-0.0710301367062,0.442262960076,10001,3283,10001,10001
capability-competence,7.62,0.847325384617,0.254704386557,0.490108180133,8681,7493,10001,10001
abundance-plenty,8.97,0.675536076756,-0.232043102384,0.116142248647,10001,10001,10001,10001
sofa-chair,6.67,0.588926290806,-0.0872754499584,0.0953239569248,10001,10001,10001,10001
wall-brick,4.68,0.914298713207,-0.191666778425,0.281910971851,864,388,10001,10001
horn-drum,2.68,0.955182552338,0.0784483328462,0.592267124465,28,15,10001,10001
organ-liver,6.15,0.553772840129,-0.226001262665,0.175519538046,10001,10001,10001,10001
strength-might,7.07,0.472868863002,-0.208721026778,0.02166558591,10001,10001,10001,10001
phrase-word,5.48,0.971442461014,-0.74790833878,0.211181510085,1,0,10001,10001
band-parade,3.92,0.847337117632,0.0167680419981,0.365515709098,1210,1954,10001,10001
stomach-waist,5.9,0.843276262283,-0.320215851068,0.451641631697,3716,7386,10001,10001
cloud-storm,5.6,0.635003425777,-0.219045802951,0.272352351866,10001,10001,10001,10001
joy-pride,5,0.905142599651,-0.345649808645,0.427938078764,657,1596,10001,10001
noise-rattle,6.17,0.807196736336,-0.21921440959,0.0491093838919,10001,10001,10001,10001
rain-mist,5.97,0.958379924297,-0.0015569050793,0.525402177917,46,39,10001,10001
beer-beverage,5.42,0.886835389545,0.0779072772971,0.60758762881,2884,2663,10001,10001
man-uncle,3.92,0.806101464498,-0.0372594542658,0.416667058696,10001,6555,10001,10001
apple-juice,2.88,0.908414900303,-0.01005025208,0.460788559346,2932,3663,10001,10001
intelligence-logic,6.5,0.852920753112,-0.473390847445,0.209203313198,10001,6374,10001,10001
communication-language,7.47,0.730906740969,-0.178880095482,0.26228326948,10001,10001,10001,10001
mink-fur,6.83,0.877967834473,0.0105549317309,0.361349291707,1709,7120,10001,10001
mob-crowd,7.85,0.852390885353,0.11824811995,0.179334792734,1391,3997,10001,10001
shore-coast,8.83,0.947471082211,0.009407219477,0.379503920901,9,12,10001,10001
wire-cord,7.62,0.895896786207,-0.676950614271,0.106437510269,1157,3362,10001,10001
bird-turkey,6.58,0.8993036807,0.453153967857,0.654478909897,5751,1914,10001,10001
bed-crib,7.3,0.908900613123,-0.371737353309,0.211661762132,1638,900,10001,10001
competence-ability,7.5,0.795907855034,-0.212275785939,-0.112400454513,7647,10001,10001,10001
cloud-haze,7.32,0.813560653541,0.254540279778,0.476116029414,10001,10001,10001,10001
supper-meal,7.53,0.83138938768,0.625730156898,0.822701486721,10001,2785,10001,10001
bar-cage,2.8,0.648457765579,0.00719297677279,0.408709920108,10001,10001,10001,10001
water-salt,1.3,0.943614115169,0.0500683218281,0.657864823418,301,161,10001,10001
sense-intuition,7.68,0.930030047894,-0.724903838342,0.235191564431,715,259,10001,10001
situation-condition,6.58,0.956917112241,0.419702430928,0.520826254719,37,12,10001,10001
crime-theft,7.53,0.882881118908,-0.397391617298,0.287777336303,2579,2104,10001,10001
style-fashion,8.5,0.693364716367,0.0119048419985,0.247370732344,10001,10001,10001,10001
boundary-border,9.08,0.886936598238,0.839508652687,0.867896083561,590,168,427,161
arm-body,4.05,0.910146171459,-0.235829024662,-0.0453940682087,230,233,10001,10001
boat-car,2.37,0.950321257114,-0.0281903127247,0.582292435044,22,25,10001,10001
sandwich-lunch,6.3,0.683447659016,-0.0615235902951,0.283213052486,10001,10001,10001,10001
bride-princess,2.8,0.84571158886,-0.179784349177,0.269186663156,3238,3884,10001,10001
heroine-hero,8.78,0.960435872026,0.0256837100198,0.5565090833,1,5,10001,10001
car-gauge,1.13,0.733291208744,0.202769932316,0.581494270564,10001,10001,10001,10001
insect-bee,6.07,0.880961887894,0.493900030488,0.724809879145,884,6878,10001,10001
crib-cradle,8.55,0.782573640347,0.647168040276,0.719459604042,10001,10001,10001,10001
animal-person,3.05,0.658297022683,-0.129319161177,0.433851315596,10001,10001,10001,10001
marijuana-herb,6.5,0.527664990882,0.128247447505,0.486832928544,10001,10001,10001,10001
bed-hospital,0.92,0.674702367151,0.166367063902,0.522035569481,10001,10001,10001,10001
cheek-tongue,4.52,0.890068749798,0.0747582420851,0.331522119165,1516,1621,10001,10001
disc-computer,3.2,0.623169042061,0.398197138202,0.51708510056,10001,10001,10001,10001
curve-angle,3.33,0.940239962354,-0.132245131269,0.187849703634,52,217,10001,10001
grass-moss,5,0.943294584751,0.381333141009,0.63024888802,559,314,10001,10001
school-law,1.13,0.729344367981,0.0581747216388,0.315020987245,10001,10001,10001,10001
foot-head,2.3,0.688358884356,-0.375084906816,0.23380141329,10001,10001,10001,10001
mother-guardian,6.5,0.876648180285,0.0560241598501,0.670533875413,914,1847,10001,10001
orthodontist-dentist,8.27,0.943844795227,-0.617653645137,0.352310877146,42,25,10001,10001
alcohol-whiskey,7.27,0.706040298219,0.00315690571632,0.489529751965,10001,10001,10001,10001
mouth-tooth,6.3,0.887139081955,0.0426062433548,0.376726356573,2819,381,10001,10001
breakfast-bacon,4.37,0.780868325337,-0.317947409398,0.157697743798,10001,10001,10001,10001
bathroom-bedroom,3.4,0.926172797312,0.316986463429,0.740411935711,48,281,10001,10001
plate-bowl,5.23,0.804003465414,-0.157224491239,0.443167508493,3940,10001,10001,10001
meat-bacon,5.8,0.960706529659,-0.272335737944,0.206230515964,99,92,10001,10001
air-helium,3.63,0.800004422665,0.756362960122,0.799656609742,10001,10001,1532,245
worker-employer,5.37,0.824089386951,0.144053199533,0.431406213383,5131,4798,10001,10001
body-chest,4.45,0.85406970108,0.113845906487,0.416866289543,4523,3568,10001,10001
son-father,3.82,0.930482685566,-0.38522452116,0.153001061551,77,58,10001,10001
heart-surgery,1.08,0.757146894932,0.543246984482,0.670931419026,10001,10001,10001,10001
woman-secretary,1.98,0.679071645681,-0.1620002985,0.266959566694,10001,10001,10001,10001
man-father,4.83,0.848676800728,-0.145191648316,0.274322599488,3682,1726,10001,10001
beach-island,5.6,0.748581275259,-0.431417196989,0.216103542816,10001,10001,10001,10001
story-topic,5,0.793172299862,0.455821752548,0.72576531875,10001,7468,10001,10001
game-fun,3.42,0.659849703312,0.00440594553947,0.135490455955,10001,10001,10001,10001
weekend-week,4,0.934643753213,0.00641209670377,0.363410793106,10,33,10001,10001
couple-pair,8.33,0.869715825353,0.0315537378192,0.405242528637,125,38,10001,10001
woman-wife,5.72,0.829145719358,0.0740598798919,0.459935473778,7482,2360,10001,10001
sheep-cattle,4.77,0.979510962963,0.190493709982,0.199743907048,0,1,10001,10001
purse-bag,8.33,0.79845421305,0.140888348222,0.625454431289,10001,2548,10001,10001
ceiling-cathedral,2.42,0.660975735071,-0.00766419433057,0.363888074462,10001,10001,10001,10001
bean-coffee,5.15,0.815084576607,0.0241450835019,0.443024373832,10001,10001,10001,10001
wood-paper,2.88,0.679680147209,-0.206338718534,0.307206852387,10001,10001,10001,10001
top-side,1.9,0.819004833698,0.0564334094524,0.2681508317,924,1225,10001,10001
crime-fraud,5.65,0.845129191875,-0.807846724987,0.0452945708672,4126,6376,10001,10001
pain-harm,5.38,0.924319872341,-0.391400933266,0.122874435722,391,523,10001,10001
lover-companion,5.97,0.876346931022,-0.499818116394,0.316314155222,1346,2556,10001,10001
evening-dusk,7.78,0.749848440299,0.63638728857,0.547121689226,6981,6441,10001,10001
father-daughter,2.62,0.928004980087,0.345932364464,0.554777317976,84,91,10001,10001
wine-liquor,7.85,0.833754718304,-0.0526934191585,0.360198326705,9863,10001,10001,10001
cow-goat,2.93,0.962290227413,0.309872925282,0.734218614141,62,54,10001,10001
belief-opinion,7.7,0.932870324425,0.0892145261168,0.616066603779,61,56,10001,10001
reality-illusion,1.42,0.765118181705,0.267895370722,0.599317953337,10001,10001,10001,10001
pact-agreement,9.02,0.918860802786,0.0882311739463,0.357608689842,119,105,10001,10001
wealth-poverty,1.27,0.914496312798,0.762606964267,0.765611101976,365,779,3263,4616
accident-emergency,4.93,0.771259917542,0.0730688869953,0.507259214414,10001,10001,10001,10001
battle-conquest,7.22,0.733005285263,-0.548230501904,0.274310539569,10001,10001,10001,10001
friend-teacher,2.62,0.726415021802,-0.364543787512,0.0387534107115,10001,10001,10001,10001
illness-infection,6.9,0.846624851227,-0.487377046786,-0.0333511473851,10001,1792,10001,10001
game-trick,2.32,0.796244585962,-0.442301034927,0.194254820993,8061,6057,10001,10001
brother-son,3.48,0.958359117312,-0.422977685928,0.342452057773,25,39,10001,10001
aunt-nephew,3.1,0.942918416436,-0.243378802739,0.48646408452,53,81,10001,10001
worker-mechanic,4.92,0.831386496507,0.0952234938741,0.294005971358,2173,3953,10001,10001
doctor-orthodontist,5.58,0.926104834807,0.200044032934,0.754765447005,86,55,10001,10001
oak-maple,6.03,0.951670464973,-0.280981497823,0.499501183745,261,41,10001,10001
bee-queen,3.27,0.555178556155,0.0703401607478,0.0705430447107,10001,10001,10001,10001
car-bicycle,3.47,0.953114208765,0.26247412115,0.726167118954,26,16,10001,10001
goal-quest,5.83,0.794350087643,0.033017708094,0.49244564518,6088,3271,10001,10001
august-month,5.53,0.703322154482,-0.178514802037,0.188506775342,7547,9780,10001,10001
army-squad,5.08,0.6047049636,0.0326964800177,0.280495420925,10001,10001,10001,10001
cloud-weather,4.87,0.897707575423,0.0632604584098,0.581278422277,1111,4212,10001,10001
physician-doctor,8.88,0.927083900819,-0.0868932582076,0.484370875413,50,81,10001,10001
canyon-valley,6.75,0.941065185197,-0.221505906761,0.484687922,170,158,10001,10001
river-valley,1.67,0.982042310481,-0.399143421599,0.480423936495,0,2,10001,10001
sun-sky,2.27,0.971419511522,-0.175911605358,0.40517243879,0,1,10001,10001
target-arrow,3.25,0.776164081554,0.378949671984,0.562640322728,10001,10001,10001,10001
chocolate-pie,2.27,0.960236785426,0.357031106949,0.738944492787,61,126,10001,10001
circumstance-situation,7.85,0.959408164024,0.665707012075,0.758672883777,7,13,10001,5677
opinion-choice,5.43,0.859821566354,0.200794070959,0.631218979019,1226,2076,10001,10001
rhythm-melody,6.12,0.919210135937,-0.538711969699,0.311992170317,424,453,10001,10001
gut-nerve,4.93,0.88818191149,0.640439786937,0.700593633178,3609,3238,10001,10001
day-dawn,5.47,0.88763905911,0.302163052688,0.39935212017,59,81,10001,10001
cattle-beef,7.03,0.917004346848,0.380820631981,0.178748928176,1709,272,10001,10001
doctor-professor,4.65,0.837525348368,-0.347356429539,0.297421780191,978,1883,10001,10001
arm-vein,3.65,0.763489887922,-0.244275480509,0.317945269682,10001,10001,10001,10001
room-bath,3.33,0.903713399393,0.437641710043,0.72353211309,3131,724,10001,10001
corporation-business,9.02,0.813114691562,-0.46323386273,0.0679386249325,10001,4476,10001,10001
fun-football,1.97,0.262927994903,0.232245475054,0.1799702304,10001,10001,10001,10001
hill-cliff,4.28,0.949661251882,0.375453941551,0.786225169407,57,81,10001,10001
bone-ankle,3.82,0.670974771439,0.0556028746068,0.343340905684,10001,10001,10001,10001
apple-candy,2.08,0.882207453251,-0.0772320869246,0.288781792931,4459,8525,10001,10001
helper-maid,5.58,0.719987511635,-0.45936411377,0.0352892623541,10001,10001,10001,10001
leader-manager,7.27,0.852256706492,-0.124306306202,0.406350628542,498,932,10001,10001
lemon-tea,1.6,0.839257855504,-0.0955570695136,0.142238072279,10001,10001,10001,10001
bee-ant,2.78,0.957539317461,-0.0187154509086,0.524316384924,3,2,10001,10001
basketball-baseball,4.92,0.988158285618,0.347468852997,0.73951178563,1,0,10001,10001
rice-bean,2.72,0.929369862638,0.216042861342,0.572417255312,1657,1291,10001,10001
bed-furniture,6.08,0.746250912324,-0.502024948838,0.0337161799803,10001,10001,10001,10001
emotion-passion,7.72,0.846597492695,-0.528971251372,-0.207954743336,2076,10001,10001,10001
anarchy-chaos,7.93,0.956660864154,-0.310827732086,0.288507644479,9,19,10001,10001
crime-violation,7.12,0.80641835928,-0.423893332481,0.123106045957,4213,10001,10001,10001
machine-engine,5.58,0.919619734265,0.208126706369,0.59867014589,781,772,10001,10001
beach-sea,4.68,0.6922242458,-0.439431455101,0.17707402923,10001,10001,10001,10001
alley-bowl,1.53,0.801505553812,-0.112779662013,0.172680906939,4175,10001,10001,10001
jar-bottle,7.83,0.952801525593,-0.233922868009,0.326960641493,102,215,10001,10001
strength-capability,5.28,0.884483529987,-0.201114890046,0.411918455847,2650,1732,10001,10001
seed-mustard,3.48,0.579446911812,-0.525559186935,-0.0725054709796,10001,10001,10001,10001
guitar-drum,3.78,0.889847040176,-0.118781454491,0.540870153013,1425,270,10001,10001
opinion-idea,5.7,0.863870306476,-0.0706704971594,0.384734770002,759,1829,10001,10001
north-west,3.63,0.996845602613,0.340199898505,0.69868723293,1,2,10001,10001
diet-salad,2.98,0.742030962827,0.462570428848,0.611558267384,10001,10001,10001,10001
mother-wife,3.02,0.97088265419,0.246204391574,0.702181072763,19,12,10001,10001
dad-mother,3.55,0.936618506908,0.444788873196,0.698347477855,83,155,10001,10001
captain-sailor,5,0.835762014136,0.124402120674,0.247193183273,713,974,10001,10001
meter-yard,5.6,0.844107439763,0.0694364756346,0.464675198195,1204,4524,10001,10001
beer-champagne,4.45,0.909749264106,0.292637228966,0.583298856078,847,999,10001,10001
motor-boat,2.57,0.792782808211,0.00235008834899,0.459516872931,10001,10001,10001,10001
card-bridge,1.97,0.581475411741,0.163575723767,0.61017707058,10001,10001,10001,10001
science-psychology,4.92,0.979529261589,-0.313759226427,0.362328958183,4,0,10001,10001
sinner-saint,1.6,0.721357378798,-0.228499278426,-0.0516131692311,10001,10001,10001,10001
destruction-construction,0.98,0.788389444351,-0.296630591154,0.323175387484,9768,10001,10001,10001
crowd-bunch,7.42,0.86952060461,-0.366870836393,-0.07703962666,148,670,10001,10001
beach-reef,3.77,0.772258474096,-0.122551373991,0.224605504947,10001,10001,10001,10001
man-child,4.13,0.926784749435,-0.021367854192,0.395099038868,61,42,10001,10001
bread-cheese,1.95,0.951037523212,-0.0303216353059,0.573265365255,322,294,10001,10001
champion-winner,8.73,0.817863702774,0.549546957016,0.812040704131,1328,3071,10001,10001
celebration-ceremony,7.72,0.921083390713,0.0916712060571,0.181422461929,29,30,10001,10001
menu-order,3.62,0.608384251595,0.215216634584,0.187161489377,10001,10001,10001,10001
king-princess,3.27,0.959758098097,-0.150137165197,0.55258043237,8,12,10001,10001
wealth-prestige,6.07,0.979638221307,0.368632934608,0.624408414619,0,0,10001,10001
endurance-strength,6.58,0.845128843479,-0.434508025646,0.348379170063,5907,2138,10001,10001
danger-threat,8.78,0.927114495383,-0.034974405764,0.534235425884,139,74,10001,10001
god-priest,4.5,0.616355776787,0.569547116756,0.656170238347,10001,10001,10001,10001
men-fraternity,3.13,0.263565929361,0.240718945308,0.391023365457,10001,10001,10001,10001
buddy-companion,8.65,0.934240460396,0.188725449291,0.67995313353,69,21,10001,10001
teacher-helper,4.28,0.620207607746,-0.441197987866,0.0583984982101,10001,10001,10001,10001
body-stomach,3.93,0.81216186285,-0.553601238346,0.112902237231,10001,10001,10001,10001
tongue-throat,3.1,0.895866024001,0.165725479636,0.275132635927,841,1191,10001,10001
house-carpet,1.38,0.736035645008,-0.347043126822,0.0525888037114,10001,10001,10001,10001
intelligence-skill,5.35,0.865805514705,0.660018503666,0.775742894017,4496,4873,10001,9874
journey-conquest,4.72,0.632801488972,-0.24724085629,0.365052842007,10001,10001,10001,10001
god-prey,1.23,0.622731611403,0.0996418371797,0.502104587871,10001,10001,10001,10001
brother-soul,0.97,0.603613913059,0.225512161851,0.494235019704,10001,10001,10001,10001
adversary-opponent,9.05,0.869916848535,0.316977858543,0.478069045754,299,1114,10001,10001
death-catastrophe,4.13,0.654145279774,-0.0236641089567,0.181009020284,10001,10001,10001,10001
monster-demon,6.95,0.887198030949,0.11997731775,0.477911106635,710,2255,10001,10001
day-morning,4.87,0.94590985775,-0.577083681648,0.0496059615549,3,4,10001,10001
man-victor,1.9,0.774589525139,0.149138248018,0.561397384841,5605,10001,10001,10001
friend-guy,3.88,0.78902046615,-0.757406055927,0.2095074657,10001,10001,10001,10001
song-story,3.97,0.931279718876,-0.317127455302,0.334050196121,32,17,10001,10001
ray-sunshine,6.83,0.788559734821,-0.0583098232746,0.560695392775,10001,10001,10001,10001
guy-stud,5.83,0.482268153564,0.60733127594,0.703909493997,10001,10001,10001,10001
chicken-rice,1.43,0.949174517295,0.264569059883,0.473880821816,311,938,10001,10001
box-elevator,1.32,0.925906892175,0.285727709532,0.681982427289,482,77,10001,10001
butter-potato,1.22,0.954587278043,-0.112848125398,0.244399051393,127,148,10001,10001
apartment-furniture,1.28,0.847237825394,0.0632488430439,0.318218363735,4900,3606,10001,10001
lake-swamp,4.92,0.927267849445,0.268677638094,0.580312495031,881,293,10001,10001
salad-vinegar,1.13,0.951440572739,0.419577563976,0.732876301859,579,410,10001,10001
flower-bulb,4.48,0.844461390706,0.013075068593,0.556889483506,10001,8789,10001,10001
cloud-mist,6.67,0.721776290046,0.512108654506,0.340973586557,10001,10001,10001,10001
driver-pilot,6.28,0.916274244563,0.124318584719,0.48300839471,39,77,10001,10001
sugar-honey,5.13,0.889014409663,0.0720081776381,0.564409305971,7271,2437,10001,10001
body-shoulder,2.88,0.757170259953,-0.136285298245,0.19405854538,10001,10001,10001,10001
idea-image,3.55,0.846925189908,-0.244588464176,0.0959183527728,8424,1321,10001,10001
father-brother,4.2,0.961600120258,0.544466018677,0.790590992953,34,16,10001,10001
moon-planet,5.87,0.916708042229,0.00571230892092,0.30192655443,120,64,10001,10001
ball-costume,2.32,0.622429013252,0.135132827469,0.272430102408,10001,10001,10001,10001
rail-fence,5.22,0.809559941292,-0.174433201551,0.217720779909,10001,7840,10001,10001
room-bed,2.35,0.914492125183,0.448129889258,0.624961758751,694,404,10001,10001
flower-bush,4.25,0.915376598559,-0.319168974112,0.264420982972,1104,883,10001,10001
bone-knee,4.17,0.748078748469,-0.50389364385,0.0325499385422,8515,10001,10001,10001
arm-knee,2.75,0.892781430053,0.180857788375,0.460365132935,111,581,10001,10001
bottom-side,2.63,0.932418227196,-0.00744090229273,0.207365284507,2,5,10001,10001
vessel-vein,5.15,0.625231027603,0.334015091301,0.685760324621,10001,10001,10001,10001
cat-rabbit,2.37,0.967622280121,-0.37454952305,0.274599392651,71,18,10001,10001
meat-sandwich,2.35,0.867527484894,-0.275163190077,0.336202396436,10001,10001,10001,10001
belief-concept,5.08,0.812501359731,-0.308239955201,0.300080941558,4939,10001,10001,10001
intelligence-insight,5.9,0.866268225535,0.0883369371295,0.322242396749,4231,4817,10001,10001
attention-interest,7.22,0.921175832818,-0.058607198762,0.394385359248,280,221,10001,10001
attitude-confidence,4.35,0.890854656696,0.23293398219,0.639874571493,1570,2779,10001,10001
right-justice,7.05,0.448101222515,-0.34701910615,0.207816397798,10001,10001,10001,10001
argument-agreement,1.45,0.848872014947,-0.403089642525,0.287410190086,1753,2910,10001,10001
depth-magnitude,6.12,0.788579106331,0.409741092889,0.557373836016,1830,10001,10001,10001
medium-news,3.65,0.589775001393,-0.50568881597,0.335041703838,10001,10001,10001,10001
winner-candidate,2.78,0.572854340076,-0.162606567144,0.328978198597,10001,10001,10001,10001
birthday-date,5.08,0.71454757452,-0.686777096199,-0.0837400252353,7379,8999,10001,10001
fee-payment,7.15,0.933854520321,0.619044542313,0.771897659885,191,29,10001,10001
bible-hymn,5.15,0.874974779783,-0.664881686263,-0.0502975035538,647,1609,10001,10001
exit-doorway,5.5,0.665124098644,0.365957482571,0.518284172532,10001,10001,10001,10001
man-sentry,3.25,0.711646199226,0.0411793763148,0.558800825695,10001,10001,10001,10001
aisle-hall,6.35,0.692282341991,0.326199849021,0.495509879476,10001,10001,10001,10001
whiskey-gin,6.28,0.941329360008,-0.256037384272,0.464005405033,143,120,10001,10001
blood-marrow,3.4,0.915756215543,-0.2316851754,0.398991690863,82,781,10001,10001
oil-mink,1.23,0.783799290657,-0.57101630318,0.0286296719304,10001,10001,10001,10001
floor-deck,5.55,0.920113921165,0.248082637787,0.665562615897,367,44,10001,10001
roof-floor,2.62,0.890066444874,-0.626949466881,-0.0608788257571,237,1631,10001,10001
door-floor,1.67,0.935210764408,0.104053206742,0.5377566051,17,24,10001,10001
shoulder-head,3.42,0.693793815004,-0.00165297649801,0.405409179769,10001,10001,10001,10001
wagon-carriage,7.7,0.968604743481,0.374231234284,0.711657071193,5,6,10001,10001
car-carriage,5.13,0.953358352184,0.140694596809,0.632339559282,36,15,10001,10001
elbow-ankle,3.13,0.971840856781,-0.133054569364,0.372968746522,3,3,10001,10001
wealth-fame,4.02,0.793345202602,0.453924059868,0.711753816634,10001,10001,10001,10001
sorrow-shame,4.77,0.968747315928,-0.127568289638,0.331600981678,17,49,10001,10001
administration-management,7.25,0.755006089508,-0.50409957791,-0.0546776797185,10001,10001,10001,10001
communication-conversation,8.02,0.706891035212,-0.638606369495,-0.221224543703,10001,10001,10001,10001
pollution-atmosphere,4.25,0.725365904017,0.144297921318,0.24933242133,10001,10001,10001,10001
anatomy-biology,5.33,0.936290141123,0.157223772141,0.267927189998,24,125,10001,10001
college-profession,3.12,0.70102493173,-0.484419288108,-0.000260450664575,10001,10001,10001,10001
book-topic,2.07,0.788040757179,-0.393376499414,0.0630351242732,10001,7382,10001,10001
formula-equation,7.95,0.941196795773,0.0485230237246,0.56218420378,97,175,10001,10001
book-information,5,0.549289643764,0.443523228168,0.119728813955,10001,10001,10001,10001
boy-partner,1.9,0.785698937517,0.746668279171,0.574709891324,5271,10001,3936,4885
sky-universe,4.68,0.871723473072,-0.196348592639,0.0276411968149,708,823,10001,10001
population-people,7.68,0.547353738862,0.635032669906,0.607221543376,10001,10001,10001,10001
college-class,4.13,0.778499603271,0.4047498703,0.578734192306,8701,4693,10001,10001
chief-mayor,4.85,0.83369056388,-0.110346450528,0.0316995352575,1095,1071,10001,10001
rabbi-minister,7.62,0.929279680805,0.471329003572,0.784917170047,24,34,10001,10001
meter-inch,5.08,0.956340193748,0.291187549688,0.592838660952,8,7,10001,10001
polyester-cotton,5.63,0.871154502493,-0.603736198171,0.0458432856439,4008,10001,10001,10001
lawyer-banker,1.88,0.967229962349,0.258386701345,0.716736147018,8,11,10001,10001
violin-instrument,6.58,0.701933860779,0.321647852659,0.409046895497,10001,10001,10001,10001
camp-cabin,4.2,0.723548991892,-0.140603982842,0.382741136582,10001,10001,10001,10001
pot-appliance,2.53,0.692258156269,-0.377417243873,0.386894466782,10001,10001,10001,10001
linen-fabric,7.47,0.941915690899,0.483186753608,0.692398324329,215,228,10001,10001
whiskey-champagne,5.33,0.97207146883,0.267634600401,0.686206395648,0,4,10001,10001
girl-child,5.38,0.907684737902,0.385534726711,0.683044261435,206,207,10001,10001
cottage-cabin,7.72,0.919410581554,0.378089815378,0.63809033494,254,224,10001,10001
bird-hen,7.03,0.796944809142,0.129536427828,0.333451340402,10001,10001,10001,10001
racket-noise,8.1,0.866216651572,0.420754164457,0.675493963487,10001,2358,10001,10001
sunset-evening,5.98,0.823354819221,0.500330388546,0.542040226011,1031,2060,10001,10001
drizzle-rain,9.17,0.958519399166,0.34791046381,0.703690316233,37,48,10001,10001
adult-baby,2.22,0.639074385166,-0.321325868368,0.200216408357,10001,10001,10001,10001
charcoal-coal,7.63,0.787083029747,0.124208554626,0.542866603389,10001,10001,10001,10001
body-spine,4.78,0.857275009155,-0.345361134133,-0.0174398731198,7830,3186,10001,10001
head-nail,2.47,0.622801877427,-0.607635378838,-0.0933754327255,10001,10001,10001,10001
log-timber,8.05,0.527248263359,0.241896391881,0.448619610055,10001,10001,10001,10001
spoon-cup,2.02,0.605193853378,-0.321185429167,-0.110219966483,10001,10001,10001,10001
body-nerve,3.13,0.726434810545,-0.221270289573,-0.0514259233281,10001,10001,10001,10001
man-husband,5.32,0.849010398925,0.162397424126,0.398180851605,5252,1701,10001,10001
bone-neck,2.53,0.841912966003,-0.252042457583,0.322384127753,5120,10001,10001,10001
frustration-anger,6.5,0.986107406516,-0.292416125536,0.483276437737,2,3,10001,10001
river-sea,5.72,0.818033993244,-0.290442841675,0.185856113719,3437,10001,10001,10001
task-job,8.87,0.910908455307,-0.171956628561,0.358004337967,177,384,10001,10001
club-society,5.23,0.50211340189,0.557425737381,0.411874000476,10001,10001,10001,10001
reflection-image,7.27,0.946454942226,-0.247502446175,0.327883942632,42,48,10001,10001
prince-king,5.92,0.969697112387,-0.55416575397,0.0953418479656,5,6,10001,10001
snow-weather,5.48,0.845853090286,-0.00267205527052,0.393601925102,7836,9149,10001,10001
people-party,2.2,0.5140526874,-0.5014950037,-0.203191772177,10001,10001,10001,10001
boy-brother,6.67,0.790670417071,-0.625721991062,0.290780146169,10001,10001,10001,10001
root-grass,3.55,0.836355566978,0.0777765923079,0.09442296589,10001,10001,10001,10001
brow-eye,3.82,0.833995322229,-0.125921480413,0.588307128703,10001,6970,10001,10001
money-pearl,2.1,0.444754898548,-0.260257438437,0.153607562673,10001,10001,10001,10001
money-diamond,3.42,0.566888988018,0.166504974157,0.597992024194,10001,10001,10001,10001
vehicle-bus,6.47,0.904739320278,0.168098563779,0.592135399201,518,725,10001,10001
cab-bus,5.6,0.914213429187,-0.0904028618576,0.448758598254,310,288,10001,10001
house-barn,4.33,0.889627575874,0.0653646439314,0.253765808689,1409,394,10001,10001
finger-palm,3.33,0.819115519524,0.273176133633,0.465050416787,10001,10001,10001,10001
car-bridge,0.95,0.804138183594,0.408802593279,0.749159326923,6657,10001,10001,10001
effort-difficulty,4.45,0.848148327845,0.31455168128,0.710034448674,7555,2125,10001,10001
fact-insight,4.77,0.586843420643,-0.169743577823,0.224099879691,10001,10001,10001,10001
job-management,3.97,0.716474516182,0.0578270629048,0.716766647109,10001,10001,10001,10001
cancer-sickness,7.93,0.891205979442,0.195198282599,0.563510282541,1591,972,10001,10001
word-newspaper,2.47,0.612500369549,0.634709872884,0.751522554086,10001,10001,10001,10001
composer-writer,6.58,0.981913326015,-0.245344773212,0.405924376098,4,4,10001,10001
actor-singer,4.52,0.952537298203,-0.409290920581,0.398524121157,44,28,10001,10001
shelter-hut,6.47,0.769126653671,0.254272997379,0.504833855959,10001,10001,10001,10001
bathroom-kitchen,3.1,0.949457895885,-0.617241905064,0.257568833821,57,41,10001,10001
cabin-hut,6.53,0.932771201895,0.268814653158,0.606447091566,259,119,10001,10001
door-kitchen,1.67,0.841237027498,-0.438971340656,-0.0623413493038,10001,1829,10001,10001
value-belief,7.07,0.65740698576,0.0839789956808,0.44882594342,10001,10001,10001,10001
wisdom-intelligence,7.47,0.762831719259,-0.2760386765,0.0850381763621,10001,10001,10001,10001
ignorance-intelligence,1.5,0.73211677479,-0.0347383899831,0.305485092987,10001,10001,10001,10001
happiness-luck,2.38,0.920933306217,0.247419938291,0.527106012777,170,869,10001,10001
idea-scheme,6.75,0.735094515693,-0.281379001223,-0.00969689526152,10001,10001,10001,10001
mood-emotion,8.12,0.972839236259,-0.258344589669,0.350806922532,23,11,10001,10001
happiness-peace,6.03,0.843606173992,-0.354563325644,-0.20885806978,5162,7969,10001,10001
despair-misery,7.22,0.971976399422,-0.0555502958596,0.355136709319,17,1,10001,10001
logic-arithmetic,3.97,0.955030140581,-0.0184807181358,0.436150402249,193,114,10001,10001
denial-confession,1.03,0.829951107502,-0.383574442097,0.253243844874,5705,6084,10001,10001
argument-criticism,5.08,0.891357892237,0.607314037405,0.82290586118,973,678,10001,10001
aggression-hostility,8.48,0.958648559967,0.12946220514,0.538372151518,87,129,10001,10001
hysteria-confusion,6.33,0.918996627271,0.0645758062601,0.588241517252,640,1173,10001,10001
chemistry-theory,3.17,0.828764915466,0.254889801436,0.274621610187,9351,6961,10001,10001
trial-verdict,3.33,0.886298656464,-0.348642915487,0.135810732988,173,301,10001,10001
comfort-safety,5.8,0.904022634029,-0.095021849574,0.21083881041,1181,639,10001,10001
confidence-self,3.12,0.904002737522,0.203069579784,0.558497156674,1873,905,10001,10001
vision-perception,6.88,0.942982431828,-0.150582256983,0.420078506416,367,75,10001,10001
era-decade,5.4,0.653669279376,-0.314982048871,0.239353377787,10001,10001,10001,10001
biography-fiction,1.38,0.764282093303,-0.0735472142696,0.121105530558,6359,4681,10001,10001
discussion-argument,5.48,0.897534721943,-0.15979639771,0.371119374304,523,1139,10001,10001
code-symbol,6.03,0.745332419872,0.0797612714625,0.368170725815,10001,10001,10001,10001
danger-disease,3,0.80172264576,0.427437390532,0.735665973348,10001,10001,10001,10001
accident-catastrophe,5.9,0.785886096113,-0.321727146013,0.415588813046,10001,9730,10001,10001
journey-trip,8.88,0.914457549388,0.618821070335,0.824157719201,77,119,10001,10001
activity-movement,7.15,0.885942273494,-0.326693852347,-0.165362541753,1740,4536,10001,10001
gossip-news,5.22,0.859852126828,-0.0272782114413,0.349876587934,1806,3879,10001,10001
father-god,3.57,0.520325958729,0.585258662701,0.643999094731,10001,10001,10001,10001
action-course,5.45,0.773653447628,-0.122336671074,0.204193103923,7168,10001,10001,10001
fever-illness,7.65,0.833392977715,0.0393633171916,0.349990653841,2629,5329,10001,10001
aviation-flight,8.18,0.76238098593,0.534747870847,0.820066107495,10001,10001,10001,10001
game-action,4.85,0.749675631523,0.129492282867,0.124753708732,10001,10001,10001,10001
molecule-air,3.05,0.626276709215,0.162027621986,0.580025419041,10001,10001,10001,10001
home-state,2.58,0.551626443863,0.0601433220335,0.247634492452,10001,10001,10001,10001
word-literature,4.77,0.646710336208,-0.4823127985,0.168857187819,10001,10001,10001,10001
adult-guardian,6.9,0.653713920934,0.86336701294,0.660006664356,10001,10001,114,291
newspaper-information,5.65,0.565574228764,-0.360409281278,0.175818170056,10001,10001,10001,10001
communication-television,5.6,0.688512183605,0.348000338554,0.717520221408,10001,10001,10001,10001
cousin-uncle,4.63,0.973505738556,-0.0968175083399,0.614243226544,18,10,10001,10001
author-reader,1.6,0.666214108467,-0.0554207488894,0.413123791093,10001,10001,10001,10001
guy-partner,3.57,0.627705991268,0.251635372639,0.405322672715,10001,10001,10001,10001
area-corner,2.07,0.754712433185,0.433466136456,0.822976976233,7555,10001,10001,10001
ballad-song,7.53,0.832661737958,0.459123494677,0.735598862861,1913,10001,10001,10001
wall-decoration,2.62,0.837894797325,-0.254686489981,0.394273792793,4111,4701,10001,10001
word-page,2.92,0.656637886562,-0.480014680625,0.514221744187,10001,10001,10001,10001
nurse-scientist,2.08,0.898180616119,0.266181945801,0.446204663527,170,280,10001,10001
politician-president,7.38,0.788338840008,0.266844377926,0.5913066095,2856,2599,10001,10001
president-mayor,5.68,0.939951118228,0.123998477995,0.511419223907,25,24,10001,10001
book-essay,4.72,0.949479460716,-0.440798997879,0.00183816033812,6,4,10001,10001
man-warrior,4.72,0.871889472008,-0.00837541980299,0.47539473528,1088,704,10001,10001
article-journal,6.18,0.850682607334,0.18694999814,0.349471538237,707,233,10001,10001
breakfast-supper,4.4,0.882319443364,0.21680166223,0.620525392643,384,863,10001,10001
crowd-parade,3.93,0.793967664242,-0.0252683646977,0.150927076521,6019,9023,10001,10001
aisle-hallway,6.75,0.83919952383,-0.524652273932,0.0261191227956,4781,1148,10001,10001
teacher-rabbi,4.37,0.833161830902,-0.53517285199,0.24570940549,1315,1812,10001,10001
hip-lip,1.43,0.427568516441,0.478850784439,0.518366135227,10001,10001,10001,10001
book-article,5.43,0.892746561333,0.0909944623709,0.0162217326724,24,218,10001,10001
room-cell,4.58,0.720457298783,0.323285758495,0.376636505725,10001,10001,10001,10001
box-booth,3.8,0.915660674313,0.3539288342,0.724417280865,175,171,10001,10001
daughter-kid,4.17,0.697185969688,0.434092760086,0.427712376953,10001,10001,10001,10001
limb-leg,6.9,0.498847991228,-0.437801092863,-0.167121327059,10001,10001,10001,10001
liver-lung,2.7,0.962903375972,-0.130553000006,0.286431369124,11,4,10001,10001
classroom-hallway,2,0.687567215417,0.0953103119505,0.397221187361,10001,10001,10001,10001
mountain-ledge,3.73,0.914317190647,0.249610200524,0.458798899414,581,589,10001,10001
car-elevator,1.03,0.923475384712,0.368636272468,0.720062499638,533,152,10001,10001
bed-couch,3.42,0.928484967766,-0.489486306279,0.0677981120177,245,318,10001,10001
clothes-button,2.3,0.741545542571,0.469419686164,0.645688921844,10001,10001,10001,10001
clothes-coat,5.35,0.676924388225,-0.0625962019081,0.312309284217,10001,10001,10001,10001
kidney-organ,6.17,0.591237664223,0.500198066235,0.573131311067,10001,10001,10001,10001
apple-sauce,1.43,0.955815136433,0.343708058817,0.700523401401,83,199,10001,10001
chicken-steak,3.73,0.966206071747,-0.352749279305,-0.0198333315742,60,239,10001,10001
car-hose,0.87,0.846544861794,-0.189942010038,0.356354656713,10001,3852,10001,10001
tobacco-cigarette,7.5,0.896639240189,0.170881638422,0.53427451724,2218,1645,10001,10001
student-professor,1.95,0.908380383753,-0.226540625095,0.47404835837,101,135,10001,10001
baby-daughter,5,0.730296254158,0.238255798817,0.32797685683,10001,10001,10001,10001
pipe-cigar,6.03,0.914482246103,0.208475112915,0.422469878315,369,2449,10001,10001
milk-juice,4.05,0.961454570293,-0.123246304586,0.453704409337,73,108,10001,10001
box-cigar,1.25,0.873638801196,-0.720581293106,0.128085286483,2351,1567,10001,10001
apartment-hotel,3.33,0.928745503947,-0.153334531586,0.449243329033,68,57,10001,10001
cup-cone,3.17,0.392851484674,0.396085739136,0.514047279521,10001,10001,10001,10001
horse-ox,3.02,0.848227262497,0.243800223613,0.722616340427,10001,3112,10001,10001
throat-nose,2.8,0.923658251762,-0.074850089848,0.21267528266,368,222,10001,10001
bone-teeth,4.17,0.881055944029,0.445995420218,0.697577189895,2958,7632,10001,10001
bone-elbow,3.78,0.759376556799,0.135345101357,0.425725040482,10001,10001,10001,10001
bacon-bean,1.22,0.923217232419,0.227797448635,0.500010094674,2192,1623,10001,10001
cup-jar,5.13,0.460978329182,-0.069345433673,0.258639462537,10001,10001,10001,10001
proof-fact,7.3,0.748052656651,-0.0244477964609,0.439576519956,6263,10001,10001,10001
appointment-engagement,6.75,0.797048020187,-0.652719536586,0.205245202586,10001,1716,10001,10001
birthday-year,1.67,0.84009706974,0.194964897332,0.566871415663,357,352,10001,10001
word-clue,2.53,0.686057090759,0.0267434678972,0.503747704653,10001,10001,10001,10001
author-creator,8.02,0.864296734333,0.102309182286,0.561696707248,448,468,10001,10001
atom-carbon,3.1,0.941827833652,-0.201910364514,0.230794306732,337,570,10001,10001
archbishop-bishop,7.05,0.979423521723,-0.381653540233,0.330632406192,0,0,10001,10001
letter-paragraph,4,0.693407499004,-0.578061878681,-0.305202538657,10001,10001,10001,10001
page-paragraph,3.03,0.859080595861,-0.338032027366,0.554298387166,68,831,10001,10001
steeple-chapel,7.08,0.920062363148,0.155919590945,0.51941515656,79,236,10001,10001
muscle-bone,3.65,0.959219636964,-0.0578431636095,0.487249382158,51,74,10001,10001
muscle-tongue,5,0.71585893631,-0.389991236926,0.182932679526,10001,10001,10001,10001
boy-soldier,2.15,0.758102521783,0.635082705607,0.584377287652,10001,10001,10001,10001
belly-abdomen,8.13,0.887990050792,0.121262319163,0.583062719339,1487,3536,10001,10001
guy-girl,3.33,0.898254215717,0.122230991721,0.605150485902,354,708,10001,10001
bed-chair,3.5,0.528988007186,-0.0671567206289,0.0405930857944,10001,10001,10001,10001
clothes-jacket,5.15,0.84722751379,-0.469748344391,0.170502403292,4971,7292,10001,10001
gun-knife,3.65,0.929532706738,0.309925835733,0.643411396987,320,187,10001,10001
tin-metal,5.63,0.859819225062,0.330223053694,0.660042526041,5999,10001,10001,10001
bottle-container,7.93,0.858324289322,0.0966495126486,0.435010958795,6980,6424,10001,10001
hen-turkey,6.13,0.87263189228,0.490541219148,0.709919184892,10001,3748,10001,10001
meat-bread,1.67,0.978217004431,-0.00214071199298,0.449814618439,7,8,10001,10001
arm-bone,3.83,0.815621413663,-0.398322224617,0.296906073522,10001,7874,10001,10001
neck-spine,5.32,0.92912035758,-0.0562394928181,0.249058375687,380,173,10001,10001
apple-lemon,4.05,0.951228439808,0.315291810947,0.51426431249,356,287,10001,10001
agony-grief,7.63,0.945946156979,-0.361475020647,0.393895655116,151,64,10001,10001
assignment-task,8.7,0.88413625265,0.136117190123,0.502224384391,1124,223,10001,10001
night-dawn,2.95,0.921284382267,-0.750707253856,0.0823757333759,12,16,10001,10001
dinner-soup,3.72,0.570812404156,-0.180103204263,0.44773335404,10001,10001,10001,10001
calf-bull,4.93,0.91017656983,0.106424904253,0.62547942192,359,284,10001,10001
snow-storm,4.8,0.851180016994,-0.312838494778,0.391265349295,1874,8114,10001,10001
nail-hand,3.42,0.812776554392,-0.340008378029,0.279157724278,7202,10001,10001,10001
dog-horse,2.38,0.924817919731,0.143893761171,0.680627807237,109,355,10001,10001
arm-neck,1.58,0.897489058672,0.00302851497552,0.0663733640615,801,459,10001,10001
ball-glove,1.75,0.882219672203,-0.0322534479201,0.3878763585,1202,723,10001,10001
flu-fever,6.08,0.767894923687,0.349725800785,0.561795740616,10001,9191,10001,10001
fee-salary,3.72,0.967035055161,0.315337479115,0.581446459694,2,3,10001,10001
nerve-brain,3.88,0.905799979317,0.163382773207,0.432441443569,1532,1864,10001,10001
beast-animal,7.83,0.744211702849,0.230155304074,0.549191609573,10001,10001,10001,10001
dinner-chicken,2.85,0.49964955447,-0.411472846445,-0.135054936001,10001,10001,10001,10001
girl-maid,2.93,0.958555459976,-0.490161418328,0.0399591307843,16,6,10001,10001
child-boy,5.75,0.850993257879,0.782008456111,0.735939619882,2144,1838,2189,1934
alcohol-wine,7.42,0.69125620231,0.235954507348,0.568989602794,10001,10001,10001,10001
nose-mouth,3.73,0.859462499619,-0.0242945100692,0.460311057525,1083,3626,10001,10001
street-car,2.38,0.839913775916,0.499213099386,0.722382191468,4779,4812,10001,10001
bell-door,2.2,0.899543106556,0.372677326202,0.499411885406,211,496,10001,10001
box-hat,1.3,0.630647994915,-0.222356289625,0.500385133647,10001,10001,10001,10001
belief-impression,5.95,0.83058822155,0.583913991918,0.827874605617,4367,7097,10001,10001
bias-opinion,5.6,0.850160104055,0.11246457696,0.620091797908,2747,8667,10001,10001
attention-awareness,8.73,0.884598612785,0.62076221457,0.77013884415,2580,1102,10001,10001
anger-mood,4.1,0.868508509905,-0.544753909111,0.297828704013,5949,4139,10001,10001
elegance-style,5.72,0.782685842194,-0.0878984555602,0.353625241655,8959,10001,10001,10001
beauty-age,1.58,0.434051181915,-0.0299914349621,0.234296892885,10001,10001,10001,10001
book-theme,2.58,0.878265976906,0.319483003678,0.449051442647,312,425,10001,10001
friend-mother,2.53,0.945248838976,-0.105541780591,0.601998804557,53,56,10001,10001
vitamin-iron,5.55,0.595817148685,-0.0190059579909,0.237437708578,10001,10001,10001,10001
car-factory,2.75,0.880213499069,-0.353808215487,0.256388885484,1347,1194,10001,10001
pact-condition,2.45,0.875702753579,0.675389966415,0.614408719668,4102,731,10001,9876
chapter-choice,0.48,0.638619644806,-0.446161687374,0.331342664025,10001,10001,10001,10001
arithmetic-rhythm,2.35,0.62412416935,0.460353223106,0.362836405859,10001,10001,10001,10001
winner-presence,1.08,0.462279681888,0.0337385982275,0.47135374616,10001,10001,10001,10001
belief-flower,0.4,0.440088626152,0.191494375467,0.447254961311,10001,10001,10001,10001
winner-goal,3.23,0.751427531242,0.076895763093,0.583139556606,7052,7140,10001,10001
trick-size,0.48,0.581944277055,0.384358674288,0.509789186347,10001,10001,10001,10001
choice-vein,0.98,0.682344891745,0.314032405615,0.460779970336,10001,10001,10001,10001
hymn-conquest,0.68,0.521885783785,-0.349468967287,-0.090652628863,10001,10001,10001,10001
endurance-band,0.4,0.518726708737,0.0722725093365,0.589433882993,10001,10001,10001,10001
jail-choice,1.08,0.642390830232,0.170437604189,0.762637087846,10001,10001,10001,10001
condition-boy,0.48,0.582510436624,0.481731890543,0.453082513501,10001,10001,10001,10001
flower-endurance,0.4,0.526218536641,-0.230341643095,0.429551276636,10001,10001,10001,10001
hole-agreement,0.3,0.52264147727,-0.142072886229,0.0658678769027,10001,10001,10001,10001
doctor-temper,0.48,0.725072708735,0.307371187649,0.476088128003,10001,10001,10001,10001
fraternity-door,0.68,0.223781969998,0.12895283103,0.0788056338225,10001,10001,10001,10001
task-woman,0.68,0.763466628011,0.535317957401,0.723454582374,10001,10001,10001,10001
fraternity-baseball,0.88,0.498023807767,-0.120039016008,0.533451480726,10001,10001,10001,10001
cent-size,0.4,0.591507256031,-0.315392404795,0.368865509743,10001,10001,10001,10001
presence-door,0.48,0.590820420883,0.470411211252,0.41307682892,10001,10001,10001,10001
mouse-management,0.48,0.537351223072,-0.283586071943,0.279523960468,10001,10001,10001,10001
task-highway,0.48,0.544213148607,0.63371181488,0.694112154514,10001,10001,10001,10001
liquor-century,0.4,0.0777151733637,0.450311747212,-0.154032993357,10001,10001,10001,10001
task-straw,0.68,0.683717887623,-0.2546110901,0.46215798437,10001,10001,10001,10001
island-task,0.3,0.61362103305,-0.220460504293,0.659305992722,10001,10001,10001,10001
night-chapter,0.48,0.793911206359,-0.237797632813,0.349819663259,1654,2410,10001,10001
pollution-president,0.68,0.180515042605,0.251186117601,0.47599573283,10001,10001,10001,10001
gun-trick,0.48,0.726285430636,0.484896691454,0.572736132992,10001,10001,10001,10001
bath-trick,0.58,0.67141952089,-0.0524400807917,0.215983808095,10001,10001,10001,10001
diet-apple,1.18,0.73632715561,0.354124307632,0.53163382133,10001,10001,10001,10001
cent-wife,0.58,0.305297702551,-0.0455536899801,0.0624425954049,10001,10001,10001,10001
chapter-tail,0.3,0.442275881767,0.504997611046,0.570095066519,10001,10001,10001,10001
course-stomach,0.58,0.498929738998,-0.106697241164,0.191780767433,10001,10001,10001,10001
hymn-straw,0.4,0.591776644693,0.0403144482153,0.250840457094,10001,10001,10001,10001
dentist-colonel,0.4,0.715421795845,0.498949587283,0.399142402199,10001,10001,10001,10001
wife-straw,0.4,0.406435519457,-0.218959392967,-0.313473725315,10001,10001,10001,10001
hole-wife,0.68,0.313066273928,-0.614221142027,-0.230060877407,10001,10001,10001,10001
pupil-president,0.78,0.798274445431,-0.143621274449,0.37871560005,2293,1128,10001,10001
bath-wife,0.48,0.272229151263,0.255290716256,0.166768142992,10001,10001,10001,10001
people-cent,0.48,0.56862937586,0.2447116822,0.29298142241,10001,10001,10001,10001
formula-log,1.77,0.371237725019,0.324162304401,0.372214024928,10001,10001,10001,10001
woman-fur,0.58,0.464867470555,0.36425408721,0.564424218128,10001,10001,10001,10001
apple-sunshine,0.58,0.724839746952,-0.00582348555326,0.245442368819,10001,10001,10001,10001
gun-dawn,1.18,0.568269602267,-0.0133524463935,0.480889632596,10001,10001,10001,10001
meal-waist,0.98,0.843085665335,0.156502336264,0.681960850082,3736,7380,10001,10001
camera-president,0.48,0.171067054335,-0.35263244196,0.213414014759,10001,10001,10001,10001
liquor-band,0.68,0.41536417099,-0.247414365411,0.0299501373624,10001,10001,10001,10001
stomach-vein,2.35,0.80265712738,0.229902610183,0.58217527406,10001,10001,10001,10001
gun-fur,0.3,0.693729400635,-0.158707778608,0.291215879798,10001,10001,10001,10001
couch-baseball,0.88,0.413344974121,-0.0846282467246,0.198284459369,10001,10001,10001,10001
worker-camera,0.68,0.637286560212,-0.4196835256,0.102515605462,10001,10001,10001,10001
deck-mouse,0.48,0.764173328876,0.175474654166,0.410521786617,10001,10001,10001,10001
rice-boy,0.4,0.435428283862,0.26587164402,0.207330242609,10001,10001,10001,10001
people-gun,0.68,0.39066101424,0.165423984477,0.43256375122,10001,10001,10001,10001
cliff-tail,0.3,0.942580636894,0.127774976359,0.363506304804,295,102,10001,10001
ankle-window,0.3,0.630318447313,-0.106628477573,0.0729856886596,10001,10001,10001,10001
princess-island,0.3,0.6012160182,-0.317796040642,0.159874357301,10001,10001,10001,10001
container-mouse,0.3,0.799005687237,-0.0868646405259,0.336388794394,10001,10001,10001,10001
wagon-container,2.65,0.931738257408,-0.147372824267,0.44896777163,356,185,10001,10001
people-balloon,0.48,0.396749210745,-0.0632396527076,0.280506678661,10001,10001,10001,10001
dollar-people,0.4,0.535211618517,0.0964418409134,0.329468468406,10001,10001,10001,10001
bath-balloon,0.4,0.903653377512,0.0159892710143,0.472212333823,1364,3137,10001,10001
stomach-bedroom,0.4,0.72380952381,-0.201165527105,0.508342878562,10001,10001,10001,10001
bicycle-bedroom,0.4,0.736179797194,-0.0689869191639,0.39599211384,10001,10001,10001,10001
log-bath,0.4,0.451481726854,-0.157335981727,0.0727091029643,10001,10001,10001,10001
bowl-tail,0.48,0.691059213344,0.0971065461636,0.558716758656,10001,10001,10001,10001
go-come,2.42,0.960849580815,-0.468482345343,0.322708217877,1,2,10001,10001
take-steal,6.18,0.861225962639,-0.265366107225,0.167106356568,1267,652,10001,10001
listen-hear,8.17,0.944644749165,0.0927445217967,0.638959456737,135,39,10001,10001
think-rationalize,8.25,0.798225998878,0.073587483336,0.469081574959,6282,8424,10001,10001
occur-happen,9.32,0.846870798246,-0.637782394886,0.246422678209,1996,1048,10001,10001
vanish-disappear,9.8,0.971650838852,0.51236992927,0.43661761102,5,7,10001,10001
multiply-divide,1.75,0.837230245737,0.571088552475,0.657097302555,2705,8332,10001,10001
plead-beg,9.08,0.940575834547,0.18609518541,0.463907918366,78,66,10001,10001
begin-originate,8.2,0.662961125374,0.0166984518407,-0.185969588356,10001,10001,10001,10001
protect-defend,9.13,0.929769396782,-0.459738699182,0.32411734722,107,253,10001,10001
kill-destroy,5.9,0.907795125711,0.195536103579,0.491638799886,541,395,10001,10001
create-make,8.72,0.92837458849,-0.0243880539768,0.637339926736,215,114,10001,10001
accept-reject,0.83,0.963850860137,0.534364577012,0.39901677314,56,33,10001,10001
ignore-avoid,6.87,0.882109887474,0.386554711256,0.595075042283,1155,906,10001,10001
carry-bring,5.8,0.911580860615,0.268201694977,0.644477767314,689,167,10001,10001
leave-enter,0.95,0.936390042305,0.283984750509,0.657715076081,51,90,10001,10001
choose-elect,7.62,0.754175245762,-0.321949411747,0.0398785930587,1600,10001,10001,10001
lose-fail,7.33,0.897119158335,0.185255896166,0.397875998551,1015,243,10001,10001
encourage-discourage,1.58,0.971230506897,-0.0973579776118,0.532931674331,6,5,10001,10001
achieve-accomplish,8.57,0.974207401276,-0.290889417039,0.0304956111428,0,3,10001,10001
make-construct,8.33,0.855262270883,0.29157091925,0.571417100553,1752,2159,10001,10001
listen-obey,4.93,0.86928498745,-0.197284594178,0.333297535487,1208,1562,10001,10001
inform-notify,9.25,0.9665979743,-0.259266643612,0.471586506228,6,15,10001,10001
receive-give,1.47,0.9119496398,0.262984231888,0.32506342624,416,76,10001,10001
borrow-beg,2.62,0.835265308964,0.465419056093,0.739963875261,3982,2640,10001,10001
take-obtain,7.1,0.85790258646,-0.344048082829,0.454892768754,1322,726,10001,10001
advise-recommend,8.1,0.902391326142,-0.377533219906,0.212565559234,550,317,10001,10001
imitate-portray,6.75,0.928354382515,-0.27145996434,0.456047115252,37,120,10001,10001
win-succeed,7.9,0.636988916218,0.100140596909,0.479321234089,10001,10001,10001,10001
think-decide,5.13,0.850064635277,-0.618699647111,0.0832795399467,1715,2398,10001,10001
greet-meet,6.17,0.91546690464,0.261960923672,0.496886035171,375,203,10001,10001
agree-argue,0.77,0.948406159878,0.502455502895,0.774530749687,10,35,10001,10001
enjoy-entertain,5.92,0.959817354701,-0.347213208675,0.133052040049,13,8,10001,10001
destroy-make,1.6,0.893376767635,-0.670852045468,0.249192772653,877,852,10001,10001
save-protect,6.58,0.90850229162,0.328135927208,0.764028327572,552,418,10001,10001
give-lend,7.22,0.987852515238,0.0629350021482,0.527560201561,0,1,10001,10001
understand-know,7.47,0.900253111139,0.0860134013883,0.59739519789,421,860,10001,10001
take-receive,5.08,0.884354763291,0.752885505729,0.736130956383,249,287,10001,6146
accept-acknowledge,6.88,0.962011101126,0.180566370487,0.342007599894,52,38,10001,10001
decide-choose,8.87,0.946113049984,-0.131146632501,0.20804252485,27,36,10001,10001
accept-believe,6.75,0.83798607135,0.0990173444152,0.207891554001,1482,1917,10001,10001
keep-possess,8.27,0.776969697837,-0.446932315826,0.37194771283,10001,8472,10001,10001
roam-wander,8.83,0.952791154385,0.250609338284,0.651257970767,5,6,10001,10001
succeed-fail,0.83,0.784785138654,0.159555431061,0.396004095604,8801,6376,10001,10001
spend-save,0.55,0.862981888537,0.264601812637,0.739479066934,1503,101,10001,10001
leave-go,7.63,0.930419738914,0.277065366507,0.629538643944,52,132,10001,10001
come-attend,8.1,0.797660946846,0.0835562696192,0.488215350373,1306,7071,10001,10001
know-believe,5.5,0.954579114914,-0.147910562407,0.427061323101,10,22,10001,10001
gather-meet,7.3,0.924328501483,0.175748214126,0.568771579199,272,172,10001,10001
make-earn,7.62,0.858581423759,0.413118685074,0.743013120789,213,2024,10001,10001
forget-ignore,3.07,0.942414637948,0.051532475833,0.587498036733,84,90,10001,10001
multiply-add,2.7,0.926441660695,0.0749849766475,0.554344516587,135,309,10001,10001
shrink-grow,0.23,0.933455117529,0.442142367363,0.405115642889,51,218,10001,10001
arrive-leave,1.33,0.905846595764,-0.299327719172,0.458812125857,413,96,10001,10001
succeed-try,3.98,0.865686825853,-0.26075684896,0.182559839779,775,762,10001,10001
accept-deny,1.75,0.984436990686,-0.117045298219,-0.0105965404621,2,0,10001,10001
arrive-come,7.05,0.904367566109,-0.00297605264044,0.524167704321,340,99,10001,10001
agree-differ,1.05,0.693650841713,-0.206192669642,-0.0748399544514,10001,10001,10001,10001
send-receive,1.08,0.911464089839,-0.0594170091699,0.313783675419,78,318,10001,10001
win-dominate,5.68,0.57719540596,-0.0885287895799,0.116324416437,10001,10001,10001,10001
add-divide,2.3,0.819593229245,0.200425827554,0.583080294045,4546,4444,10001,10001
kill-choke,4.92,0.250033423307,0.160336653014,-0.247170311887,10001,10001,10001,10001
acquire-get,8.82,0.86902771819,-0.189793668961,0.495515599459,1283,1104,10001,10001
participate-join,7.7,0.778963088989,-0.00241696089506,0.497252791557,2012,2474,10001,10001
leave-remain,2.53,0.81654894352,0.0139879770577,0.34831318608,6808,3800,10001,10001
go-enter,4,0.885327391942,-0.0939491689205,0.450280960724,387,495,10001,10001
take-carry,5.23,0.911973774433,-0.425023257732,0.10939212338,160,88,10001,10001
forget-learn,1.18,0.886487722397,0.225069355973,0.716051679357,1232,772,10001,10001
appoint-elect,8.17,0.837385077788,0.0213084363972,0.598410150852,145,252,10001,10001
engage-marry,5.43,0.611135840416,0.132143781441,0.479742992445,10001,10001,10001,10001
ask-pray,3.72,0.916370987892,-0.0595859885216,0.397224535648,153,189,10001,10001
go-send,3.75,0.91878824942,-0.179006129503,0.254838327713,244,104,10001,10001
take-deliver,4.37,0.883022427559,-0.226609051228,0.126347507661,1176,301,10001,10001
speak-hear,3.02,0.891268425659,-0.154305443168,0.422829674348,989,741,10001,10001
analyze-evaluate,8.03,0.952069044113,-0.308380883433,0.364079288191,92,75,10001,10001
argue-rationalize,4.2,0.859830856323,0.565844170351,0.658072268916,2188,846,10001,10001
lose-keep,1.05,0.95420574869,-0.272654311219,0.247309077206,53,6,10001,10001
compare-analyze,8.1,0.967823203543,-0.376497112304,0.295906197341,17,8,10001,10001
disorganize-organize,1.45,0.711695679133,0.405116761036,0.514915756811,10001,10001,10001,10001
go-allow,3.62,0.861775211202,0.259730994701,0.34352582259,1386,1060,10001,10001
take-possess,7.2,0.719422791073,-0.234856665134,0.389651046652,10001,10001,10001,10001
learn-listen,3.88,0.93103069067,0.340456506041,0.738042306828,108,149,10001,10001
destroy-construct,0.92,0.815605450607,-0.00484955217689,0.342799165861,5437,3900,10001,10001
create-build,8.48,0.929005265236,0.508740693852,0.829203678646,53,107,10001,10001
steal-buy,1.13,0.937194354869,0.121242329478,0.587060106886,107,78,10001,10001
kill-hang,4.45,0.746940836128,-0.0732029571058,-0.136162188626,10001,10001,10001,10001
forget-know,0.92,0.985234737396,0.421934758309,0.733108520403,1,1,10001,10001
create-imagine,5.13,0.764361858368,-0.11086896807,0.446713600849,10001,10001,10001,10001
do-happen,4.23,0.896102930044,-0.548159480095,0.386620401705,385,265,10001,10001
win-accomplish,7.85,0.713544845581,0.196648952165,0.219928654597,10001,8243,10001,10001
give-deny,1.43,0.931501039088,-0.189505055547,-0.00617129653094,262,178,10001,10001
deserve-earn,5.8,0.680858116201,-0.0842178761959,0.383653838988,10001,10001,10001,10001
get-put,1.98,0.894843572071,0.301840990782,0.758261060348,335,545,10001,10001
locate-find,8.73,0.954581022263,0.0610092431307,0.492889363425,46,66,10001,10001
appear-attend,6.28,0.657423535432,0.0645563193891,0.437299084063,10001,10001,10001,10001
know-comprehend,7.63,0.919146955013,-0.186146155323,0.546685456377,480,190,10001,10001
pretend-imagine,8.47,0.924544692039,-0.174502700567,0.318910727587,168,100,10001,10001
satisfy-please,7.67,0.830535908874,0.128812283732,0.523907663014,2135,2467,10001,10001
cherish-keep,4.85,0.818527936935,-0.637691058975,0.326845799169,4363,4957,10001,10001
argue-differ,5.15,0.704194307327,-0.444287449121,0.042797619568,10001,10001,10001,10001
overcome-dominate,6.25,0.859745911345,-0.00902856513858,0.271680118535,920,3294,10001,10001
behave-obey,7.3,0.748559296131,0.738113462925,0.600110062547,7909,10001,1829,1743
cooperate-participate,6.43,0.827378451824,-0.0265311561525,0.57957085315,629,4763,10001,10001
achieve-try,4.42,0.854452311993,-0.16359820447,0.480221672099,1038,1647,10001,10001
fail-discourage,3.33,0.911428749561,-0.443168100307,0.29678859943,478,592,10001,10001
begin-quit,1.28,0.801985740662,0.0023286390575,0.486431125167,3894,3821,10001,10001
say-participate,3.82,0.699356257915,-0.296142655381,0.161452871839,10001,10001,10001,10001
come-bring,2.42,0.925006628036,-0.2567268465,0.484031930505,396,89,10001,10001
declare-announce,9.08,0.884089999443,0.0822592154145,0.502253221159,220,694,10001,10001
read-comprehend,4.7,0.83076107502,0.235361324506,0.619450483925,4129,2627,10001,10001
take-leave,2.47,0.929326057434,0.0643971562386,0.415704553755,139,29,10001,10001
proclaim-announce,8.18,0.876800231743,0.112209245563,0.476060593669,287,675,10001,10001
acquire-obtain,8.57,0.974190472018,-0.548103099835,0.340199624144,7,9,10001,10001
conclude-decide,7.75,0.899189645004,-0.56323853512,0.134513296358,454,209,10001,10001
please-plead,2.98,0.818794667721,0.236227644828,0.546720323764,2787,2758,10001,10001
argue-prove,4.83,0.888276815414,0.407096892595,0.763476216168,918,313,10001,10001
ask-plead,6.47,0.956304728985,-0.650468447832,0.0880838666816,24,22,10001,10001
find-disappear,0.77,0.860243201256,0.180530071259,0.286684932704,3285,2405,10001,10001
inspect-examine,8.75,0.877826645633,-0.0708797839808,0.473694839243,1461,766,10001,10001
verify-justify,4.08,0.913273632526,0.155107691884,0.461251291249,28,622,10001,10001
assume-predict,4.85,0.928399435091,0.281696366173,0.678082747725,347,228,10001,10001
learn-evaluate,4.17,0.881123244762,0.339055488166,0.62735509591,953,1430,10001,10001
argue-justify,5,0.680418014526,0.0851434394717,0.352863488495,8801,10001,10001,10001
make-become,4.77,0.827930569649,0.477726875408,0.609694104223,1410,3592,10001,10001
discover-originate,4.83,0.671503940641,0.492270528349,0.203701834878,10001,10001,10001,10001
achieve-succeed,7.5,0.667029539766,0.845904717093,0.792393860744,10001,10001,3033,1141
give-put,3.65,0.853197830534,-0.333432018757,0.157204112914,1512,1921,10001,10001
understand-listen,4.68,0.896716528935,0.191484119981,0.653587883545,614,927,10001,10001
expand-grow,8.27,0.781173732141,0.379784703255,0.345789109699,10001,6585,10001,10001
borrow-sell,1.73,0.966233313084,-0.475606328104,0.0139961717618,9,2,10001,10001
keep-protect,5.4,0.93632042408,0.00581214949489,0.643987617516,181,180,10001,10001
explain-prove,4.1,0.969837127318,-0.149000704288,0.361825315344,6,37,10001,10001
assume-pretend,3.72,0.861697435379,-0.198273763061,0.527717305084,1343,1462,10001,10001
agree-please,4.13,0.928153455257,0.323136248962,0.50744967813,108,181,10001,10001
forgive-forget,3.92,0.966783106327,-0.195246290877,0.400472235643,14,11,10001,10001
clarify-explain,8.33,0.981883465164,0.0457523353398,0.592958105445,9,7,10001,10001
understand-forgive,4.87,0.856430402781,0.0938544105801,0.37943875711,2036,2180,10001,10001
remind-forget,0.87,0.915349836072,-0.253439560738,0.431784169854,305,98,10001,10001
get-remain,1.6,0.822508801371,-0.179367497563,0.466422137558,5882,3554,10001,10001
realize-discover,7.47,0.98352044919,0.0284017023029,0.251898599517,0,2,10001,10001
require-inquire,1.82,0.717269079848,0.101493707388,0.523927944691,10001,10001,10001,10001
ignore-ask,1.07,0.905733400925,-0.378564052496,0.254036478805,279,489,10001,10001
think-inquire,4.77,0.789171482423,0.229698865396,0.640190033596,4482,10001,10001,10001
reject-avoid,4.78,0.901402246785,0.297466719453,0.231846680619,717,651,10001,10001
argue-persuade,6.23,0.755000650883,0.0766898691654,0.461224609123,3619,9073,10001,10001
pursue-persuade,3.17,0.825549234483,0.152927190065,0.276820553792,1005,1711,10001,10001
accept-forgive,3.73,0.863497273505,0.168392181396,0.113615369361,1673,1217,10001,10001
do-quit,1.17,0.559852592963,0.279334396124,0.650730891506,10001,10001,10001,10001
investigate-examine,8.1,0.943746262043,0.359720809426,0.705920454119,238,216,10001,10001
discuss-explain,6.67,0.935958083627,-0.109816938639,0.299930350338,277,157,10001,10001
owe-lend,2.32,0.921950757504,-0.529725523575,0.311243174564,302,76,10001,10001
explore-discover,8.48,0.8940637834,0.137180023621,0.44047654309,1081,832,10001,10001
complain-argue,4.8,0.922974824905,0.183857142925,0.689583070361,64,268,10001,10001
withdraw-reject,6.38,0.812933683395,-0.085246818647,0.253623755566,3676,2346,10001,10001
keep-borrow,2.25,0.920882692442,-0.438993103624,0.329586105902,123,379,10001,10001
beg-ask,6,0.962179598938,-0.176532144936,0.377008683165,12,7,10001,10001
arrange-organize,8.27,0.938854448659,0.045891713351,0.49442320271,44,47,10001,10001
reduce-shrink,8.02,0.853729367256,-0.318177074194,-0.25943366058,3813,1747,10001,10001
speak-acknowledge,4.67,0.9036576037,-0.373494744301,0.112510227433,531,420,10001,10001
give-borrow,2.22,0.928891420364,-0.0905608650373,0.455326199034,77,194,10001,10001
kill-defend,2.63,0.880284123438,-0.412476052341,-0.0449911166796,541,973,10001,10001
disappear-shrink,5.8,0.907374501228,0.231364667416,0.0608293332398,708,616,10001,10001
deliver-carry,3.88,0.929853379726,0.237698405981,0.583046482763,58,269,10001,10001
breathe-choke,1.37,0.213387280703,0.00484607368708,0.394288546029,10001,10001,10001,10001
acknowledge-notify,5.3,0.88559304986,0.0700465068221,0.464595441947,628,865,10001,10001
become-seem,2.63,0.718031823635,-0.251456230879,0.0628852455253,10001,10001,10001,10001
pretend-seem,4.68,0.90510737896,-0.45267572999,0.106154980642,195,273,10001,10001
accomplish-become,4,0.784328341484,0.371928088184,0.451098424377,4623,6693,10001,10001
contemplate-think,8.82,0.909391820431,0.385996394515,0.707116559638,276,767,10001,10001
determine-predict,5.8,0.924418619206,-0.247487842887,0.482144641838,394,100,10001,10001
please-entertain,5,0.87089407444,0.362692109507,0.507528063968,1347,846,10001,10001
remain-retain,5.75,0.819840393085,0.202990978956,0.485032788155,2757,6274,10001,10001
pretend-portray,7.03,0.868163466454,0.145897564781,0.526027172317,618,1095,10001,10001
forget-retain,0.63,0.807726942572,-0.429076399152,0.238268197215,3387,5184,10001,10001
want-choose,4.78,0.913609147072,0.0960490611821,0.45911556298,257,243,10001,10001
lose-get,0.77,0.967968698498,-0.48842638662,0.43906757738,7,1,10001,10001
try-think,2.62,0.784143447876,-0.0839390158653,0.219619038682,10001,4491,10001,10001
become-appear,4.77,0.709496123165,0.14215067029,0.501218913247,10001,10001,10001,10001
leave-ignore,4.42,0.815601039863,0.439110245652,0.541812473743,3195,3868,10001,10001
accept-recommend,2.75,0.934876747742,0.321763564453,0.362760856796,144,193,10001,10001
leave-wander,3.57,0.853935599327,-0.360480934381,0.281663568363,1307,1775,10001,10001
keep-give,1.05,0.9718213711,0.220369875431,0.416339872855,6,8,10001,10001
give-allow,5.15,0.940565831594,0.0270921364427,0.386926439736,130,95,10001,10001
bring-send,2.97,0.980887711048,-0.403839731445,0.225931003263,0,3,10001,10001
absorb-learn,5.48,0.803536534309,-0.0440232806234,0.133835070164,8613,6199,10001,10001
acquire-find,6.38,0.867790273892,-0.048797792053,0.435154222049,2038,1134,10001,10001
leave-appear,0.97,0.785306858141,0.191368713975,0.635268462041,7712,6544,10001,10001
create-destroy,0.63,0.809566795826,0.348845988512,0.684356202846,4233,6999,10001,10001
begin-go,7.42,0.912109488971,-0.0188293635892,0.334300453328,159,94,10001,10001
get-buy,5.08,0.940225366341,0.255422651768,0.675339095356,86,56,10001,10001
collect-save,6.67,0.849484700026,0.461770979272,0.713040334939,1992,2802,10001,10001
replace-restore,5.73,0.860832682898,0.396186262369,0.564924518591,1403,411,10001,10001
join-add,8.1,0.668331186076,0.668677707753,0.620155547604,10001,10001,10001,10001
join-marry,5.35,0.737913072109,0.397124731369,0.598407018081,10001,4001,10001,10001
accept-deliver,1.58,0.899869394318,0.275515705347,0.386230928546,756,587,10001,10001
attach-join,7.75,0.669501423836,-0.293266147375,0.117199869043,10001,10001,10001,10001
put-hang,3,0.853319764137,0.012873955071,0.383828428563,3433,1500,10001,10001
go-sell,0.97,0.917523090987,0.194702512657,0.198249273882,272,117,10001,10001
communicate-pray,3.55,0.823066949844,0.438287910121,0.705780288129,4801,7625,10001,10001
give-steal,0.5,0.925870010153,-0.163223057985,0.191021110788,142,226,10001,10001
add-build,4.92,0.884511225492,0.491824774472,0.749022295875,496,804,10001,10001
bring-restore,2.62,0.926511645317,-0.313591826772,0.0600075786371,246,376,10001,10001
comprehend-satisfy,2.55,0.953748350889,0.0591158645382,0.510661644967,72,96,10001,10001
portray-decide,1.18,0.887226581573,-0.0182353247264,0.487397686269,716,310,10001,10001
organize-become,1.77,0.815129377261,-0.0503840446472,0.349403448934,2088,4234,10001,10001
give-know,0.88,0.854202645516,-0.257223873469,0.386344368063,1739,1882,10001,10001
say-verify,4.9,0.836588382721,0.188271891372,0.650533231377,2984,2764,10001,10001
cooperate-join,5.18,0.78854984045,0.400541633368,0.708623866161,1710,9933,10001,10001
arrange-require,0.98,0.847142031618,-0.199238374829,0.221292992383,1854,1643,10001,10001
borrow-want,1.77,0.879658327062,-0.438758585527,0.337530166648,708,741,10001,10001
investigate-pursue,7.15,0.868048644313,-0.104080593829,0.520304668525,461,1544,10001,10001
ignore-explore,0.4,0.879982881545,-0.0269770079539,0.481615879324,1241,940,10001,10001
bring-complain,0.98,0.900077462196,-0.250577583943,0.465071648974,737,965,10001,10001
enter-owe,0.68,0.76794809103,-0.304771083878,0.331732603703,5130,4348,10001,10001
portray-notify,0.78,0.834553360939,-0.0498524546799,0.480117349471,1544,1713,10001,10001
remind-sell,0.4,0.801145505837,0.550221258375,0.355442853,5200,4453,10001,10001
absorb-possess,5,0.873525574979,0.299269604639,0.49416785539,1141,1364,10001,10001
join-acquire,2.85,0.799234795525,-0.135707245553,0.51358769184,4647,1408,10001,10001
send-attend,1.67,0.855086505413,0.0461240103021,0.635425837283,261,1518,10001,10001
gather-attend,4.8,0.80438886907,-0.087463711945,0.126573543517,1114,6527,10001,10001
absorb-withdraw,2.97,0.764158725739,-0.117350003701,0.228629462269,5525,10001,10001,10001
attend-arrive,6.08,0.786725521088,-0.530740205138,-0.0333124530838,5457,1696,10001,10001
